,gt_value,classifier,defense_pred
0,0,2,2
1,0,3,2
2,0,2,2
3,0,6,6
4,0,4,8
5,0,6,2
6,0,8,3
7,0,2,2
8,0,2,2
9,0,2,2
10,0,6,2
11,0,6,2
12,0,4,2
13,0,2,3
14,0,6,3
15,0,6,2
16,0,2,3
17,0,8,2
18,0,2,2
19,0,2,3
20,0,2,3
21,0,6,3
22,0,4,2
23,0,4,2
24,0,2,2
25,0,8,8
26,0,2,2
27,0,6,3
28,0,6,2
29,0,6,2
30,0,4,2
31,0,2,2
32,0,2,2
33,0,6,6
34,0,2,2
35,0,6,2
36,0,6,6
37,0,6,3
38,0,2,3
39,0,2,2
40,0,2,6
41,0,4,3
42,0,2,2
43,0,6,6
44,0,2,2
45,0,6,2
46,0,2,2
47,0,2,2
48,0,3,3
49,0,6,2
50,0,2,2
51,0,8,2
52,0,8,3
53,0,3,6
54,0,6,4
55,0,8,3
56,0,2,3
57,0,8,2
58,0,4,2
59,0,5,2
60,0,2,2
61,0,2,2
62,0,8,2
63,0,2,6
64,0,6,2
65,0,2,2
66,0,4,2
67,0,6,6
68,0,3,2
69,0,2,2
70,0,8,8
71,0,2,4
72,0,6,2
73,0,4,2
74,0,2,2
75,0,2,6
76,0,6,2
77,0,3,2
78,0,2,2
79,0,2,2
80,0,8,2
81,0,2,2
82,0,2,6
83,0,2,2
84,0,2,2
85,0,6,2
86,0,4,2
87,0,2,2
88,0,4,2
89,0,6,8
90,0,4,2
91,0,2,3
92,0,6,2
93,0,4,2
94,0,6,6
95,0,6,4
96,0,2,2
97,0,2,2
98,0,2,2
99,0,6,2
100,0,8,2
101,0,3,2
102,0,2,2
103,0,2,2
104,0,4,2
105,0,2,2
106,0,2,3
107,0,2,2
108,0,2,2
109,0,6,2
110,0,6,3
111,0,3,3
112,0,6,2
113,0,4,8
114,0,2,3
115,0,2,2
116,0,6,2
117,0,6,2
118,0,6,3
119,0,8,6
120,0,6,3
121,0,6,3
122,0,2,2
123,0,4,2
124,0,6,3
125,0,2,3
126,0,2,3
127,0,6,2
128,0,2,3
129,0,4,2
130,0,8,3
131,0,6,3
132,0,2,3
133,0,2,2
134,0,2,6
135,0,4,3
136,0,6,3
137,0,2,2
138,0,3,2
139,0,2,2
140,0,6,2
141,0,2,2
142,0,2,2
143,0,2,2
144,0,2,2
145,0,2,2
146,0,3,2
147,0,2,2
148,0,6,4
149,0,6,3
150,0,3,2
151,0,6,3
152,0,4,3
153,0,2,2
154,0,6,2
155,0,3,2
156,0,2,2
157,0,2,2
158,0,6,2
159,0,6,3
160,0,6,2
161,0,2,6
162,0,6,2
163,0,2,2
164,0,3,2
165,0,2,8
166,0,2,2
167,0,8,2
168,0,6,2
169,0,2,2
170,0,4,2
171,0,4,2
172,0,2,3
173,0,4,3
174,0,2,2
175,0,6,3
176,0,3,2
177,0,2,2
178,0,2,2
179,0,6,2
180,0,2,2
181,0,2,4
182,0,6,2
183,0,2,2
184,0,6,2
185,0,2,2
186,0,2,2
187,0,6,3
188,0,8,3
189,0,8,3
190,0,2,2
191,0,8,2
192,0,4,3
193,0,6,2
194,0,3,2
195,0,2,2
196,0,6,3
197,0,6,2
198,0,6,2
199,0,4,3
200,0,2,2
201,0,2,2
202,0,2,4
203,0,6,2
204,0,4,4
205,0,2,2
206,0,2,3
207,0,6,3
208,0,6,6
209,0,6,2
210,0,2,3
211,0,4,2
212,0,4,2
213,0,6,3
214,0,0,2
215,0,2,2
216,0,2,3
217,0,6,2
218,0,8,2
219,0,6,2
220,0,3,2
221,0,2,2
222,0,4,6
223,0,2,3
224,0,2,2
225,0,3,2
226,0,6,2
227,0,2,2
228,0,2,3
229,0,2,3
230,0,6,3
231,0,6,3
232,0,3,2
233,0,8,2
234,0,6,8
235,0,2,4
236,0,2,2
237,0,8,2
238,0,2,2
239,0,6,6
240,0,2,2
241,0,8,2
242,0,2,2
243,0,2,2
244,0,8,2
245,0,8,2
246,0,6,2
247,0,6,2
248,0,2,3
249,0,8,2
250,0,8,2
251,0,6,6
252,0,4,4
253,0,2,2
254,0,2,2
255,0,2,2
256,0,3,3
257,0,2,2
258,0,2,2
259,0,2,2
260,0,6,2
261,0,6,2
262,0,6,3
263,0,2,2
264,0,2,2
265,0,4,2
266,0,6,2
267,0,6,2
268,0,2,2
269,0,6,2
270,0,2,2
271,0,2,3
272,0,2,2
273,0,6,3
274,0,2,2
275,0,2,2
276,0,6,2
277,0,6,6
278,0,2,2
279,0,6,6
280,0,2,3
281,0,8,2
282,0,4,3
283,0,2,2
284,0,2,3
285,0,4,2
286,0,6,3
287,0,4,8
288,0,6,3
289,0,2,3
290,0,3,3
291,0,2,3
292,0,2,2
293,0,8,8
294,0,8,2
295,0,6,2
296,0,2,2
297,0,8,3
298,0,3,6
299,0,6,3
300,0,6,2
301,0,8,6
302,0,4,2
303,0,6,2
304,0,6,4
305,0,8,2
306,0,6,2
307,0,4,2
308,0,2,2
309,0,4,2
310,0,2,2
311,0,2,2
312,0,8,8
313,0,2,2
314,0,2,2
315,0,4,6
316,0,2,2
317,0,6,2
318,0,2,2
319,0,6,6
320,0,2,2
321,0,2,6
322,0,8,3
323,0,2,2
324,0,8,2
325,0,6,2
326,0,2,3
327,0,6,2
328,0,2,2
329,0,2,3
330,0,2,2
331,0,3,3
332,0,2,2
333,0,4,2
334,0,6,2
335,0,6,3
336,0,6,2
337,0,2,6
338,0,4,2
339,0,2,3
340,0,6,2
341,0,8,2
342,0,2,6
343,0,3,2
344,0,6,2
345,0,8,6
346,0,0,3
347,0,2,3
348,0,2,2
349,0,2,3
350,0,6,3
351,0,2,4
352,0,8,3
353,0,6,6
354,0,2,6
355,0,3,2
356,0,2,2
357,0,3,2
358,0,6,2
359,0,6,2
360,0,8,2
361,0,2,2
362,0,2,3
363,0,6,2
364,0,6,2
365,0,2,2
366,0,3,3
367,0,2,2
368,0,3,2
369,0,2,2
370,0,2,2
371,0,4,2
372,0,6,2
373,0,6,3
374,0,3,2
375,0,6,2
376,0,2,6
377,0,2,2
378,0,6,6
379,0,2,3
380,0,6,2
381,0,2,2
382,0,3,2
383,0,2,3
384,0,2,4
385,0,0,3
386,0,4,3
387,0,4,3
388,0,2,2
389,0,2,2
390,0,2,6
391,0,4,2
392,0,2,2
393,0,6,2
394,0,6,8
395,0,3,3
396,0,8,2
397,0,6,2
398,0,6,2
399,0,6,2
400,0,2,2
401,0,2,3
402,0,2,2
403,0,2,2
404,0,2,2
405,0,3,2
406,0,2,2
407,0,8,2
408,0,2,6
409,0,6,2
410,0,6,2
411,0,3,3
412,0,2,2
413,0,2,2
414,0,2,2
415,0,6,2
416,0,2,2
417,0,6,2
418,0,2,2
419,0,2,2
420,0,2,2
421,0,8,6
422,0,2,2
423,0,6,2
424,0,3,6
425,0,2,2
426,0,4,3
427,0,4,2
428,0,3,2
429,0,3,2
430,0,2,2
431,0,6,2
432,0,2,3
433,0,2,3
434,0,2,2
435,0,2,2
436,0,2,2
437,0,2,2
438,0,6,3
439,0,2,2
440,0,8,6
441,0,6,3
442,0,6,6
443,0,6,6
444,0,2,2
445,0,2,2
446,0,4,2
447,0,2,6
448,0,2,2
449,0,2,3
450,0,6,2
451,0,2,3
452,0,2,2
453,0,2,2
454,0,6,2
455,0,2,2
456,0,6,2
457,0,2,2
458,0,6,2
459,0,6,3
460,0,2,2
461,0,3,2
462,0,2,3
463,0,8,3
464,0,2,2
465,0,6,2
466,0,8,3
467,0,2,2
468,0,6,2
469,0,8,2
470,0,2,2
471,0,6,2
472,0,4,2
473,0,2,2
474,0,6,2
475,0,2,3
476,0,2,3
477,0,4,2
478,0,2,2
479,0,2,2
480,0,2,2
481,0,4,3
482,0,2,2
483,0,2,3
484,0,2,2
485,0,8,3
486,0,2,2
487,0,2,2
488,0,2,2
489,0,3,2
490,0,2,2
491,0,6,2
492,0,3,3
493,0,6,2
494,0,2,3
495,0,8,2
496,0,6,2
497,0,6,2
498,0,2,3
499,0,2,3
500,0,2,2
501,0,2,2
502,0,4,2
503,0,3,3
504,0,3,2
505,0,2,2
506,0,2,2
507,0,2,2
508,0,4,2
509,0,2,2
510,0,7,2
511,0,4,2
512,0,6,2
513,0,2,2
514,0,8,2
515,0,6,2
516,0,6,2
517,0,6,2
518,0,6,6
519,0,6,4
520,0,2,2
521,0,6,2
522,0,6,2
523,0,3,3
524,0,2,2
525,0,4,2
526,0,6,3
527,0,4,2
528,0,2,2
529,0,6,2
530,0,2,2
531,0,2,3
532,0,6,3
533,0,6,2
534,0,6,2
535,0,3,2
536,0,2,3
537,0,4,2
538,0,6,2
539,0,8,2
540,0,6,2
541,0,6,4
542,0,8,2
543,0,6,2
544,0,2,3
545,0,6,2
546,0,6,2
547,0,4,2
548,0,3,2
549,0,6,2
550,0,2,2
551,0,2,2
552,0,6,2
553,0,6,2
554,0,2,2
555,0,8,3
556,0,2,3
557,0,4,2
558,0,8,8
559,0,6,2
560,0,2,3
561,0,2,2
562,0,2,2
563,0,8,3
564,0,2,3
565,0,6,3
566,0,6,2
567,0,2,2
568,0,2,2
569,0,4,4
570,0,2,3
571,0,4,2
572,0,7,2
573,0,8,3
574,0,2,2
575,0,4,2
576,0,2,4
577,0,6,8
578,0,2,3
579,0,6,2
580,0,6,6
581,0,6,3
582,0,3,2
583,0,6,3
584,0,2,2
585,0,4,2
586,0,2,2
587,0,2,2
588,0,2,4
589,0,2,2
590,0,8,2
591,0,6,2
592,0,2,2
593,0,2,2
594,0,2,2
595,0,0,2
596,0,6,2
597,0,8,2
598,0,2,3
599,0,2,2
600,0,2,3
601,0,8,3
602,0,6,4
603,0,2,2
604,0,4,2
605,0,4,4
606,0,3,2
607,0,6,8
608,0,2,2
609,0,6,2
610,0,6,2
611,0,2,3
612,0,2,2
613,0,6,6
614,0,2,2
615,0,2,2
616,0,6,2
617,0,0,2
618,0,2,2
619,0,2,2
620,0,2,2
621,0,2,2
622,0,6,2
623,0,2,4
624,0,2,3
625,0,6,2
626,0,3,2
627,0,4,2
628,0,2,2
629,0,6,2
630,0,8,2
631,0,2,2
632,0,6,4
633,0,2,2
634,0,6,3
635,0,2,2
636,0,2,2
637,0,2,3
638,0,6,2
639,0,2,2
640,0,6,8
641,0,6,4
642,0,6,2
643,0,2,2
644,0,8,8
645,0,6,8
646,0,2,2
647,0,8,2
648,0,9,3
649,0,8,2
650,0,6,6
651,0,6,3
652,0,6,2
653,0,6,3
654,0,6,6
655,0,2,3
656,0,8,2
657,0,2,3
658,0,8,2
659,0,2,2
660,0,4,2
661,0,2,2
662,0,2,3
663,0,2,2
664,0,2,2
665,0,6,2
666,0,6,2
667,0,4,2
668,0,2,3
669,0,2,2
670,0,6,4
671,0,6,2
672,0,6,3
673,0,2,2
674,0,2,3
675,0,2,3
676,0,8,2
677,0,2,2
678,0,6,2
679,0,3,2
680,0,6,3
681,0,6,2
682,0,8,2
683,0,6,6
684,0,6,2
685,0,3,2
686,0,6,3
687,0,6,2
688,0,6,6
689,0,6,2
690,0,6,6
691,0,2,2
692,0,4,2
693,0,6,2
694,0,2,2
695,0,6,2
696,0,6,2
697,0,2,2
698,0,4,6
699,0,2,2
700,0,8,2
701,0,2,2
702,0,3,3
703,0,2,3
704,0,4,3
705,0,2,2
706,0,6,3
707,0,2,2
708,0,2,2
709,0,6,2
710,0,6,3
711,0,2,2
712,0,6,2
713,0,3,2
714,0,2,3
715,0,2,4
716,0,2,6
717,0,8,2
718,0,6,2
719,0,3,3
720,0,2,3
721,0,6,2
722,0,6,2
723,0,3,2
724,0,2,3
725,0,6,2
726,0,2,2
727,0,6,3
728,0,0,2
729,0,3,2
730,0,8,2
731,0,2,2
732,0,2,3
733,0,2,2
734,0,2,2
735,0,2,3
736,0,6,2
737,0,6,3
738,0,4,6
739,0,6,3
740,0,2,2
741,0,2,3
742,0,2,2
743,0,6,3
744,0,6,2
745,0,2,2
746,0,2,2
747,0,3,3
748,0,6,2
749,0,4,2
750,0,2,2
751,0,2,8
752,0,6,4
753,0,6,3
754,0,2,2
755,0,6,2
756,0,2,6
757,0,6,6
758,0,4,3
759,0,6,2
760,0,2,2
761,0,2,3
762,0,2,2
763,0,6,2
764,0,8,3
765,0,2,2
766,0,8,2
767,0,4,2
768,0,6,2
769,0,8,2
770,1,9,6
771,1,8,8
772,1,2,2
773,1,6,6
774,1,8,3
775,1,4,4
776,1,6,2
777,1,2,3
778,1,6,2
779,1,6,2
780,1,6,3
781,1,9,3
782,1,6,6
783,1,2,2
784,1,4,4
785,1,6,8
786,1,6,2
787,1,6,2
788,1,6,4
789,1,4,3
790,1,2,2
791,1,6,2
792,1,4,2
793,1,3,2
794,1,6,3
795,1,6,2
796,1,4,6
797,1,6,2
798,1,6,2
799,1,6,3
800,1,2,2
801,1,6,2
802,1,9,6
803,1,2,3
804,1,6,3
805,1,6,2
806,1,1,3
807,1,6,6
808,1,6,2
809,1,4,2
810,1,0,3
811,1,6,2
812,1,6,2
813,1,6,3
814,1,4,4
815,1,6,6
816,1,6,6
817,1,6,2
818,1,3,3
819,1,6,2
820,1,8,8
821,1,2,2
822,1,4,2
823,1,4,2
824,1,0,2
825,1,0,2
826,1,6,8
827,1,4,2
828,1,0,6
829,1,6,6
830,1,4,2
831,1,4,6
832,1,6,2
833,1,2,8
834,1,3,2
835,1,6,2
836,1,6,3
837,1,6,2
838,1,6,6
839,1,6,2
840,1,6,2
841,1,6,2
842,1,6,3
843,1,6,4
844,1,6,2
845,1,2,6
846,1,9,6
847,1,2,2
848,1,2,2
849,1,6,6
850,1,4,2
851,1,6,2
852,1,6,2
853,1,2,2
854,1,6,3
855,1,4,4
856,1,6,2
857,1,6,2
858,1,6,3
859,1,9,3
860,1,6,3
861,1,4,4
862,1,6,2
863,1,2,2
864,1,2,2
865,1,2,3
866,1,6,2
867,1,8,2
868,1,6,6
869,1,0,2
870,1,2,4
871,1,3,3
872,1,4,2
873,1,2,2
874,1,6,6
875,1,4,2
876,1,6,6
877,1,6,6
878,1,6,2
879,1,6,3
880,1,0,2
881,1,4,2
882,1,3,2
883,1,6,3
884,1,6,3
885,1,4,3
886,1,6,2
887,1,6,3
888,1,6,3
889,1,4,2
890,1,2,2
891,1,2,2
892,1,9,3
893,1,6,2
894,1,6,3
895,1,4,8
896,1,6,2
897,1,6,3
898,1,6,2
899,1,0,6
900,1,3,6
901,1,2,2
902,1,6,3
903,1,6,4
904,1,6,6
905,1,8,4
906,1,4,6
907,1,6,2
908,1,6,2
909,1,6,2
910,1,4,3
911,1,4,3
912,1,2,2
913,1,6,3
914,1,4,3
915,1,2,2
916,1,6,2
917,1,6,2
918,1,6,3
919,1,6,8
920,1,6,2
921,1,6,6
922,1,6,3
923,1,2,2
924,1,6,3
925,1,9,3
926,1,6,6
927,1,4,2
928,1,6,2
929,1,2,2
930,1,6,2
931,1,6,2
932,1,6,4
933,1,6,6
934,1,6,2
935,1,3,2
936,1,0,6
937,1,6,3
938,1,4,2
939,1,6,3
940,1,8,2
941,1,0,8
942,1,4,2
943,1,2,2
944,1,7,6
945,1,4,2
946,1,4,2
947,1,3,2
948,1,2,2
949,1,8,6
950,1,6,2
951,1,6,6
952,1,8,2
953,1,7,2
954,1,6,2
955,1,3,2
956,1,2,2
957,1,3,6
958,1,6,6
959,1,6,3
960,1,4,4
961,1,3,2
962,1,2,2
963,1,6,3
964,1,6,2
965,1,6,6
966,1,6,2
967,1,4,4
968,1,4,2
969,1,6,2
970,1,4,2
971,1,2,3
972,1,6,3
973,1,6,6
974,1,6,2
975,1,6,2
976,1,6,3
977,1,6,6
978,1,6,2
979,1,9,2
980,1,2,2
981,1,6,6
982,1,6,6
983,1,4,3
984,1,4,3
985,1,3,2
986,1,6,6
987,1,6,3
988,1,8,2
989,1,9,3
990,1,7,4
991,1,9,2
992,1,6,2
993,1,6,3
994,1,6,6
995,1,6,3
996,1,4,2
997,1,2,8
998,1,6,2
999,1,4,3
1000,1,9,2
1001,1,6,3
1002,1,4,2
1003,1,4,4
1004,1,6,2
1005,1,6,2
1006,1,6,3
1007,1,4,3
1008,1,4,6
1009,1,0,6
1010,1,4,2
1011,1,6,6
1012,1,6,2
1013,1,6,2
1014,1,2,2
1015,1,4,2
1016,1,2,2
1017,1,4,4
1018,1,6,2
1019,1,4,2
1020,1,6,3
1021,1,2,2
1022,1,4,2
1023,1,8,6
1024,1,4,3
1025,1,2,3
1026,1,6,6
1027,1,6,3
1028,1,6,3
1029,1,2,2
1030,1,0,4
1031,1,9,3
1032,1,2,3
1033,1,0,2
1034,1,6,6
1035,1,3,3
1036,1,6,3
1037,1,6,3
1038,1,4,3
1039,1,6,6
1040,1,2,2
1041,1,6,3
1042,1,6,2
1043,1,8,3
1044,1,6,2
1045,1,6,2
1046,1,6,2
1047,1,6,3
1048,1,4,2
1049,1,6,3
1050,1,7,2
1051,1,0,3
1052,1,2,6
1053,1,6,2
1054,1,2,2
1055,1,6,6
1056,1,6,6
1057,1,2,2
1058,1,6,3
1059,1,2,2
1060,1,6,2
1061,1,6,2
1062,1,2,2
1063,1,6,3
1064,1,0,2
1065,1,4,2
1066,1,8,6
1067,1,6,2
1068,1,6,3
1069,1,0,3
1070,1,6,2
1071,1,2,2
1072,1,6,6
1073,1,6,2
1074,1,9,2
1075,1,4,4
1076,1,6,2
1077,1,6,2
1078,1,4,4
1079,1,0,2
1080,1,6,3
1081,1,9,2
1082,1,6,2
1083,1,9,3
1084,1,9,3
1085,1,6,6
1086,1,6,2
1087,1,2,3
1088,1,4,6
1089,1,2,3
1090,1,6,3
1091,1,5,3
1092,1,6,2
1093,1,0,4
1094,1,6,6
1095,1,4,3
1096,1,9,2
1097,1,4,2
1098,1,6,2
1099,1,6,6
1100,1,2,6
1101,1,6,2
1102,1,9,3
1103,1,0,6
1104,1,6,3
1105,1,3,3
1106,1,2,3
1107,1,8,2
1108,1,3,3
1109,1,1,8
1110,1,2,3
1111,1,2,2
1112,1,4,3
1113,1,6,2
1114,1,6,2
1115,1,4,3
1116,1,4,4
1117,1,2,2
1118,1,4,3
1119,1,9,8
1120,1,8,2
1121,1,2,2
1122,1,6,2
1123,1,6,6
1124,1,6,6
1125,1,9,8
1126,1,3,2
1127,1,4,2
1128,1,4,2
1129,1,6,6
1130,1,6,2
1131,1,2,2
1132,1,6,3
1133,1,4,2
1134,1,7,2
1135,1,6,2
1136,1,6,2
1137,1,2,2
1138,1,6,2
1139,1,4,2
1140,1,6,2
1141,1,9,3
1142,1,8,3
1143,1,2,2
1144,1,6,2
1145,1,6,2
1146,1,6,2
1147,1,6,2
1148,1,6,2
1149,1,2,2
1150,1,6,6
1151,1,2,3
1152,1,6,3
1153,1,9,6
1154,1,8,2
1155,1,4,3
1156,1,2,6
1157,1,4,2
1158,1,6,3
1159,1,8,3
1160,1,6,6
1161,1,3,2
1162,1,4,3
1163,1,6,3
1164,1,8,6
1165,1,4,2
1166,1,6,2
1167,1,9,4
1168,1,4,3
1169,1,6,2
1170,1,6,2
1171,1,8,2
1172,1,6,6
1173,1,4,4
1174,1,4,4
1175,1,8,2
1176,1,2,2
1177,1,6,2
1178,1,6,2
1179,1,3,2
1180,1,4,6
1181,1,4,4
1182,1,8,2
1183,1,6,2
1184,1,6,6
1185,1,9,2
1186,1,6,2
1187,1,6,6
1188,1,4,2
1189,1,8,2
1190,1,6,3
1191,1,8,3
1192,1,2,2
1193,1,2,2
1194,1,2,2
1195,1,6,2
1196,1,6,2
1197,1,2,2
1198,1,6,2
1199,1,3,3
1200,1,6,2
1201,1,4,8
1202,1,6,3
1203,1,6,3
1204,1,6,3
1205,1,1,2
1206,1,6,2
1207,1,6,3
1208,1,4,4
1209,1,2,6
1210,1,6,6
1211,1,6,2
1212,1,6,2
1213,1,6,3
1214,1,6,3
1215,1,9,4
1216,1,3,2
1217,1,6,2
1218,1,9,6
1219,1,6,2
1220,1,6,2
1221,1,6,6
1222,1,2,2
1223,1,7,3
1224,1,6,6
1225,1,2,3
1226,1,6,6
1227,1,6,6
1228,1,6,8
1229,1,6,3
1230,1,6,2
1231,1,6,2
1232,1,0,3
1233,1,6,6
1234,1,6,6
1235,1,6,8
1236,1,6,2
1237,1,2,2
1238,1,6,3
1239,1,4,2
1240,1,4,2
1241,1,3,3
1242,1,4,2
1243,1,7,2
1244,1,4,2
1245,1,4,2
1246,1,6,6
1247,1,8,6
1248,1,7,6
1249,1,6,6
1250,1,4,3
1251,1,6,2
1252,1,4,4
1253,1,4,4
1254,1,6,6
1255,1,6,2
1256,1,0,2
1257,1,0,6
1258,1,2,3
1259,1,2,2
1260,1,2,2
1261,1,6,6
1262,1,6,3
1263,1,6,6
1264,1,6,3
1265,1,8,2
1266,1,0,2
1267,1,6,2
1268,1,4,3
1269,1,6,6
1270,1,6,6
1271,1,4,4
1272,1,4,3
1273,1,4,3
1274,1,6,2
1275,1,2,3
1276,1,6,3
1277,1,2,2
1278,1,2,6
1279,1,2,3
1280,1,2,2
1281,1,6,6
1282,1,3,6
1283,1,3,2
1284,1,6,2
1285,1,4,2
1286,1,0,2
1287,1,2,3
1288,1,4,2
1289,1,6,6
1290,1,0,3
1291,1,4,4
1292,1,6,2
1293,1,8,3
1294,1,4,2
1295,1,0,8
1296,1,5,6
1297,1,8,2
1298,1,6,2
1299,1,6,3
1300,1,8,2
1301,1,4,6
1302,1,6,3
1303,1,3,2
1304,1,6,2
1305,1,6,2
1306,1,6,2
1307,1,6,3
1308,1,7,2
1309,1,6,2
1310,1,4,4
1311,1,6,2
1312,1,4,4
1313,1,6,6
1314,1,6,6
1315,1,6,6
1316,1,6,6
1317,1,2,2
1318,1,2,2
1319,1,2,2
1320,1,6,2
1321,1,9,8
1322,1,2,2
1323,1,8,2
1324,1,9,2
1325,1,6,2
1326,1,0,4
1327,1,0,2
1328,1,3,6
1329,1,6,6
1330,1,6,6
1331,1,2,2
1332,1,6,6
1333,1,6,2
1334,1,4,8
1335,1,6,2
1336,1,6,2
1337,1,0,2
1338,1,2,3
1339,1,6,3
1340,1,2,2
1341,1,6,2
1342,1,6,2
1343,1,4,6
1344,1,2,2
1345,1,2,2
1346,1,6,2
1347,1,6,4
1348,1,6,3
1349,1,4,3
1350,1,6,3
1351,1,6,3
1352,1,2,2
1353,1,4,2
1354,1,4,3
1355,1,4,6
1356,1,2,2
1357,1,4,3
1358,1,6,3
1359,1,6,2
1360,1,2,3
1361,1,2,2
1362,1,8,6
1363,1,6,2
1364,1,6,2
1365,1,6,2
1366,1,6,3
1367,1,6,3
1368,1,6,3
1369,1,7,6
1370,1,2,2
1371,1,6,2
1372,1,0,2
1373,1,4,3
1374,1,6,6
1375,1,6,3
1376,1,6,8
1377,1,4,2
1378,1,3,2
1379,1,6,3
1380,1,6,2
1381,1,4,2
1382,1,6,2
1383,1,6,2
1384,1,0,3
1385,1,8,3
1386,1,4,2
1387,1,6,3
1388,1,6,2
1389,1,0,2
1390,1,6,3
1391,1,6,3
1392,1,6,6
1393,1,6,6
1394,1,6,2
1395,1,9,8
1396,1,4,4
1397,1,3,3
1398,1,3,2
1399,1,4,2
1400,1,6,3
1401,1,8,6
1402,1,8,2
1403,1,6,2
1404,1,6,2
1405,1,4,2
1406,1,6,2
1407,1,4,2
1408,1,6,2
1409,1,8,2
1410,1,6,2
1411,1,6,2
1412,1,6,3
1413,1,8,3
1414,1,6,2
1415,1,2,2
1416,1,4,3
1417,1,6,3
1418,1,6,6
1419,1,3,3
1420,1,2,3
1421,1,2,2
1422,1,6,3
1423,1,4,2
1424,1,6,6
1425,1,6,2
1426,1,3,2
1427,1,6,6
1428,1,6,2
1429,1,6,3
1430,1,4,3
1431,1,6,2
1432,1,4,2
1433,1,4,3
1434,1,6,2
1435,1,2,2
1436,1,6,8
1437,1,6,3
1438,1,8,3
1439,1,3,3
1440,1,4,4
1441,1,2,6
1442,1,6,3
1443,1,4,2
1444,1,4,2
1445,1,4,3
1446,1,6,2
1447,1,2,6
1448,1,0,8
1449,1,6,2
1450,1,6,8
1451,1,4,2
1452,1,7,4
1453,1,2,6
1454,1,2,6
1455,1,6,3
1456,1,2,2
1457,1,2,2
1458,1,2,2
1459,1,6,2
1460,1,6,6
1461,1,6,3
1462,1,6,2
1463,1,9,3
1464,1,1,3
1465,1,2,2
1466,1,2,8
1467,1,6,3
1468,1,4,2
1469,1,6,6
1470,1,9,2
1471,1,4,3
1472,1,6,2
1473,1,6,6
1474,1,8,3
1475,1,6,3
1476,1,0,2
1477,1,8,2
1478,1,2,2
1479,1,9,8
1480,1,2,2
1481,1,6,2
1482,1,6,8
1483,1,7,3
1484,1,6,6
1485,1,2,8
1486,1,6,2
1487,1,6,2
1488,1,9,3
1489,1,6,2
1490,2,4,3
1491,2,6,2
1492,2,6,3
1493,2,4,2
1494,2,6,3
1495,2,6,2
1496,2,6,2
1497,2,6,3
1498,2,6,2
1499,2,0,3
1500,2,6,4
1501,2,6,2
1502,2,6,2
1503,2,6,2
1504,2,6,2
1505,2,4,2
1506,2,0,2
1507,2,6,2
1508,2,2,2
1509,2,6,2
1510,2,6,2
1511,2,6,3
1512,2,6,3
1513,2,3,2
1514,2,6,2
1515,2,4,4
1516,2,6,2
1517,2,6,3
1518,2,4,2
1519,2,6,2
1520,2,6,6
1521,2,4,2
1522,2,3,2
1523,2,6,2
1524,2,6,2
1525,2,6,2
1526,2,6,2
1527,2,4,2
1528,2,0,2
1529,2,6,2
1530,2,4,3
1531,2,4,2
1532,2,6,2
1533,2,6,2
1534,2,8,3
1535,2,0,2
1536,2,4,2
1537,2,6,2
1538,2,6,2
1539,2,4,4
1540,2,3,6
1541,2,4,2
1542,2,6,2
1543,2,6,2
1544,2,2,4
1545,2,6,2
1546,2,6,3
1547,2,3,2
1548,2,6,3
1549,2,3,3
1550,2,4,4
1551,2,6,6
1552,2,6,2
1553,2,6,2
1554,2,6,2
1555,2,6,3
1556,2,6,2
1557,2,4,2
1558,2,4,2
1559,2,4,2
1560,2,4,2
1561,2,6,2
1562,2,4,3
1563,2,6,2
1564,2,6,3
1565,2,6,3
1566,2,2,3
1567,2,6,2
1568,2,0,2
1569,2,6,8
1570,2,6,4
1571,2,6,2
1572,2,6,2
1573,2,6,2
1574,2,6,2
1575,2,4,4
1576,2,6,3
1577,2,6,2
1578,2,3,2
1579,2,3,2
1580,2,6,2
1581,2,0,2
1582,2,6,2
1583,2,2,2
1584,2,6,3
1585,2,6,3
1586,2,6,2
1587,2,6,2
1588,2,4,2
1589,2,6,2
1590,2,3,2
1591,2,6,2
1592,2,6,6
1593,2,3,2
1594,2,6,2
1595,2,6,2
1596,2,6,2
1597,2,6,2
1598,2,9,2
1599,2,6,2
1600,2,4,2
1601,2,6,2
1602,2,6,6
1603,2,6,2
1604,2,6,2
1605,2,0,2
1606,2,6,2
1607,2,6,2
1608,2,0,2
1609,2,6,2
1610,2,6,2
1611,2,6,3
1612,2,6,2
1613,2,6,2
1614,2,4,2
1615,2,6,2
1616,2,6,2
1617,2,3,4
1618,2,6,2
1619,2,4,2
1620,2,6,2
1621,2,6,2
1622,2,6,2
1623,2,6,3
1624,2,3,2
1625,2,3,6
1626,2,4,2
1627,2,6,3
1628,2,4,2
1629,2,3,2
1630,2,4,2
1631,2,6,6
1632,2,6,2
1633,2,4,2
1634,2,3,2
1635,2,4,4
1636,2,6,2
1637,2,6,2
1638,2,4,2
1639,2,6,2
1640,2,3,2
1641,2,6,2
1642,2,6,2
1643,2,6,2
1644,2,3,2
1645,2,4,2
1646,2,6,2
1647,2,6,2
1648,2,6,6
1649,2,6,2
1650,2,6,2
1651,2,4,2
1652,2,6,3
1653,2,6,2
1654,2,6,2
1655,2,3,3
1656,2,6,2
1657,2,6,6
1658,2,6,2
1659,2,6,2
1660,2,6,6
1661,2,6,3
1662,2,6,2
1663,2,4,4
1664,2,6,2
1665,2,4,2
1666,2,4,2
1667,2,6,2
1668,2,4,2
1669,2,6,3
1670,2,6,2
1671,2,6,2
1672,2,6,6
1673,2,4,4
1674,2,4,2
1675,2,6,6
1676,2,4,3
1677,2,3,2
1678,2,6,2
1679,2,6,2
1680,2,4,2
1681,2,6,2
1682,2,2,2
1683,2,6,2
1684,2,8,3
1685,2,3,3
1686,2,6,3
1687,2,3,2
1688,2,6,2
1689,2,4,2
1690,2,6,6
1691,2,4,2
1692,2,3,2
1693,2,0,4
1694,2,6,2
1695,2,4,2
1696,2,4,2
1697,2,4,2
1698,2,6,2
1699,2,6,3
1700,2,6,2
1701,2,6,2
1702,2,4,2
1703,2,3,3
1704,2,6,2
1705,2,6,2
1706,2,6,2
1707,2,6,3
1708,2,4,2
1709,2,4,2
1710,2,6,3
1711,2,6,2
1712,2,5,2
1713,2,4,2
1714,2,0,2
1715,2,6,2
1716,2,4,3
1717,2,3,6
1718,2,6,3
1719,2,6,3
1720,2,6,2
1721,2,6,2
1722,2,6,2
1723,2,2,2
1724,2,6,4
1725,2,4,2
1726,2,6,2
1727,2,6,3
1728,2,6,2
1729,2,3,2
1730,2,6,3
1731,2,6,2
1732,2,6,2
1733,2,6,2
1734,2,4,2
1735,2,6,4
1736,2,0,2
1737,2,6,2
1738,2,6,4
1739,2,6,2
1740,2,6,3
1741,2,6,2
1742,2,6,6
1743,2,6,3
1744,2,6,2
1745,2,4,2
1746,2,6,2
1747,2,6,2
1748,2,3,2
1749,2,6,2
1750,2,5,2
1751,2,6,2
1752,2,4,4
1753,2,4,2
1754,2,6,2
1755,2,4,3
1756,2,0,2
1757,2,2,2
1758,2,4,2
1759,2,5,4
1760,2,6,2
1761,2,6,2
1762,2,4,6
1763,2,6,2
1764,2,6,2
1765,2,4,6
1766,2,6,2
1767,2,6,2
1768,2,6,2
1769,2,6,2
1770,2,0,2
1771,2,6,6
1772,2,6,2
1773,2,3,2
1774,2,5,3
1775,2,6,2
1776,2,6,6
1777,2,6,3
1778,2,6,2
1779,2,6,2
1780,2,4,6
1781,2,6,6
1782,2,6,2
1783,2,6,4
1784,2,6,3
1785,2,6,2
1786,2,4,2
1787,2,4,2
1788,2,3,2
1789,2,6,2
1790,2,6,2
1791,2,6,2
1792,2,6,6
1793,2,3,2
1794,2,3,2
1795,2,4,2
1796,2,4,2
1797,2,6,2
1798,2,4,2
1799,2,6,2
1800,2,3,2
1801,2,6,3
1802,2,4,2
1803,2,2,2
1804,2,4,2
1805,2,4,2
1806,2,4,2
1807,2,4,2
1808,2,6,2
1809,2,4,2
1810,2,6,2
1811,2,6,2
1812,2,3,3
1813,2,6,2
1814,2,6,2
1815,2,6,3
1816,2,4,2
1817,2,4,2
1818,2,6,2
1819,2,0,2
1820,2,6,2
1821,2,6,6
1822,2,4,2
1823,2,2,2
1824,2,6,2
1825,2,0,2
1826,2,4,2
1827,2,6,2
1828,2,6,2
1829,2,6,2
1830,2,6,2
1831,2,4,2
1832,2,6,6
1833,2,6,6
1834,2,4,2
1835,2,6,2
1836,2,6,2
1837,2,6,3
1838,2,6,6
1839,2,3,2
1840,2,6,2
1841,2,6,2
1842,2,6,2
1843,2,2,2
1844,2,6,2
1845,2,6,2
1846,2,4,2
1847,2,2,2
1848,2,4,2
1849,2,0,3
1850,2,4,2
1851,2,6,6
1852,2,6,3
1853,2,4,2
1854,2,4,2
1855,2,2,6
1856,2,6,2
1857,2,6,2
1858,2,6,6
1859,2,4,2
1860,2,0,2
1861,2,4,2
1862,2,6,2
1863,2,6,2
1864,2,4,2
1865,2,4,2
1866,2,6,2
1867,2,4,8
1868,2,6,2
1869,2,0,2
1870,2,6,4
1871,2,6,2
1872,2,6,3
1873,2,6,2
1874,2,6,3
1875,2,6,3
1876,2,2,2
1877,2,6,3
1878,2,3,2
1879,2,6,2
1880,2,4,2
1881,2,5,2
1882,2,6,2
1883,2,6,3
1884,2,6,3
1885,2,6,2
1886,2,6,2
1887,2,6,2
1888,2,6,2
1889,2,3,2
1890,2,4,2
1891,2,4,2
1892,2,6,2
1893,2,6,3
1894,2,6,2
1895,2,6,6
1896,2,4,4
1897,2,6,2
1898,2,6,2
1899,2,6,2
1900,2,4,2
1901,2,6,2
1902,2,6,3
1903,2,6,2
1904,2,3,2
1905,2,6,6
1906,2,2,2
1907,2,6,2
1908,2,4,2
1909,2,6,3
1910,2,6,2
1911,2,6,2
1912,2,6,3
1913,2,3,2
1914,2,3,3
1915,2,6,2
1916,2,6,2
1917,2,6,4
1918,2,6,2
1919,2,6,2
1920,2,6,2
1921,2,6,2
1922,2,6,2
1923,2,6,2
1924,2,6,2
1925,2,6,2
1926,2,6,2
1927,2,6,4
1928,2,6,2
1929,2,6,2
1930,2,4,2
1931,2,6,2
1932,2,6,2
1933,2,6,2
1934,2,6,2
1935,2,6,4
1936,2,6,3
1937,2,6,2
1938,2,6,2
1939,2,6,2
1940,2,6,6
1941,2,6,2
1942,2,6,2
1943,2,0,2
1944,2,4,2
1945,2,6,3
1946,2,6,3
1947,2,0,2
1948,2,4,2
1949,2,0,2
1950,2,4,2
1951,2,4,2
1952,2,4,2
1953,2,6,2
1954,2,4,2
1955,2,6,3
1956,2,6,2
1957,2,6,2
1958,2,6,2
1959,2,6,2
1960,2,3,2
1961,2,4,2
1962,2,6,2
1963,2,4,2
1964,2,4,2
1965,2,6,3
1966,2,4,6
1967,2,6,3
1968,2,0,2
1969,2,6,2
1970,2,6,2
1971,2,0,4
1972,2,6,6
1973,2,6,2
1974,2,3,3
1975,2,6,2
1976,2,6,2
1977,2,6,2
1978,2,4,2
1979,2,6,3
1980,2,6,2
1981,2,6,2
1982,2,6,6
1983,2,6,2
1984,2,6,2
1985,2,6,6
1986,2,6,2
1987,2,6,4
1988,2,6,2
1989,2,6,2
1990,2,2,2
1991,2,6,2
1992,2,6,2
1993,2,4,2
1994,2,6,2
1995,2,0,2
1996,2,6,3
1997,2,6,6
1998,2,6,2
1999,2,6,2
2000,2,6,3
2001,2,3,2
2002,2,0,4
2003,2,6,2
2004,2,6,6
2005,2,8,2
2006,2,6,2
2007,2,6,2
2008,2,4,2
2009,2,6,4
2010,2,3,2
2011,2,6,2
2012,2,6,2
2013,2,6,3
2014,2,6,2
2015,2,6,3
2016,2,4,2
2017,2,6,2
2018,2,4,2
2019,2,4,2
2020,2,6,2
2021,2,3,2
2022,2,4,2
2023,2,6,3
2024,2,2,2
2025,2,6,3
2026,2,6,2
2027,2,2,6
2028,2,0,2
2029,2,6,6
2030,2,4,2
2031,2,3,4
2032,2,6,2
2033,2,0,2
2034,2,6,2
2035,2,6,8
2036,2,6,3
2037,2,4,2
2038,2,6,2
2039,2,6,4
2040,2,4,3
2041,2,0,3
2042,2,6,3
2043,2,4,2
2044,2,6,2
2045,2,6,2
2046,2,6,3
2047,2,6,2
2048,2,4,3
2049,2,6,2
2050,2,3,2
2051,2,6,3
2052,2,6,3
2053,2,6,2
2054,2,6,2
2055,2,6,4
2056,2,4,3
2057,2,4,2
2058,2,3,2
2059,2,6,2
2060,2,6,2
2061,2,6,2
2062,2,3,3
2063,2,6,2
2064,2,0,3
2065,2,6,3
2066,2,4,2
2067,2,6,2
2068,2,6,2
2069,2,4,2
2070,2,4,2
2071,2,6,3
2072,2,4,2
2073,2,6,2
2074,2,4,2
2075,2,6,2
2076,2,6,8
2077,2,4,4
2078,2,3,3
2079,2,4,2
2080,2,4,2
2081,2,6,3
2082,2,6,6
2083,2,6,2
2084,2,4,4
2085,2,4,2
2086,2,6,2
2087,2,6,2
2088,2,4,2
2089,2,3,2
2090,2,6,6
2091,2,4,2
2092,2,6,3
2093,2,6,3
2094,2,6,2
2095,2,4,2
2096,2,4,2
2097,2,6,2
2098,2,6,2
2099,2,6,2
2100,2,4,2
2101,2,6,6
2102,2,4,2
2103,2,6,2
2104,2,6,2
2105,2,6,2
2106,2,6,2
2107,2,6,3
2108,2,6,2
2109,2,6,6
2110,2,4,4
2111,2,4,6
2112,2,4,2
2113,2,2,2
2114,2,2,3
2115,2,3,2
2116,2,6,2
2117,2,4,2
2118,2,6,3
2119,2,6,2
2120,2,6,2
2121,2,3,2
2122,2,6,6
2123,2,4,2
2124,2,2,2
2125,2,6,2
2126,2,6,2
2127,2,3,2
2128,2,6,2
2129,2,6,2
2130,2,6,2
2131,2,6,2
2132,2,6,2
2133,2,2,2
2134,2,6,2
2135,2,6,2
2136,2,3,2
2137,2,6,3
2138,2,4,3
2139,2,6,6
2140,2,6,2
2141,2,6,6
2142,2,6,6
2143,2,6,2
2144,2,4,2
2145,2,6,3
2146,2,6,2
2147,2,3,2
2148,2,6,2
2149,2,3,3
2150,2,6,3
2151,2,4,6
2152,2,6,2
2153,2,6,2
2154,2,4,2
2155,2,6,3
2156,2,6,3
2157,2,2,2
2158,2,6,3
2159,2,6,2
2160,2,3,2
2161,2,6,6
2162,2,3,2
2163,2,6,2
2164,2,6,2
2165,2,4,2
2166,2,6,2
2167,2,8,6
2168,2,6,2
2169,2,6,2
2170,2,6,2
2171,2,4,3
2172,2,6,2
2173,2,6,4
2174,2,6,6
2175,2,4,2
2176,2,6,2
2177,2,4,2
2178,2,6,6
2179,2,4,2
2180,2,6,2
2181,2,3,3
2182,2,0,2
2183,2,6,2
2184,2,4,6
2185,3,2,2
2186,3,6,2
2187,3,6,2
2188,3,6,3
2189,3,2,2
2190,3,2,2
2191,3,6,2
2192,3,6,3
2193,3,6,2
2194,3,6,2
2195,3,6,2
2196,3,6,2
2197,3,6,2
2198,3,2,2
2199,3,6,3
2200,3,6,2
2201,3,6,3
2202,3,2,2
2203,3,6,2
2204,3,6,3
2205,3,4,2
2206,3,2,2
2207,3,6,2
2208,3,4,3
2209,3,2,2
2210,3,6,2
2211,3,4,2
2212,3,6,3
2213,3,2,2
2214,3,2,2
2215,3,6,6
2216,3,6,2
2217,3,6,2
2218,3,6,6
2219,3,6,3
2220,3,6,2
2221,3,6,6
2222,3,6,2
2223,3,2,2
2224,3,6,2
2225,3,6,2
2226,3,2,2
2227,3,4,2
2228,3,6,6
2229,3,6,2
2230,3,5,6
2231,3,6,3
2232,3,6,2
2233,3,2,2
2234,3,6,2
2235,3,2,2
2236,3,6,2
2237,3,6,2
2238,3,4,3
2239,3,4,3
2240,3,2,2
2241,3,6,2
2242,3,4,3
2243,3,6,3
2244,3,2,2
2245,3,6,2
2246,3,2,6
2247,3,6,2
2248,3,6,6
2249,3,6,2
2250,3,2,2
2251,3,2,2
2252,3,4,3
2253,3,4,3
2254,3,6,2
2255,3,6,2
2256,3,6,2
2257,3,4,2
2258,3,6,3
2259,3,6,3
2260,3,6,6
2261,3,4,2
2262,3,2,2
2263,3,6,2
2264,3,6,2
2265,3,6,3
2266,3,6,2
2267,3,6,2
2268,3,6,3
2269,3,6,2
2270,3,6,2
2271,3,6,2
2272,3,4,2
2273,3,6,2
2274,3,0,3
2275,3,6,3
2276,3,2,2
2277,3,6,2
2278,3,4,3
2279,3,4,2
2280,3,6,2
2281,3,6,2
2282,3,2,2
2283,3,2,2
2284,3,6,3
2285,3,6,2
2286,3,4,4
2287,3,6,2
2288,3,6,2
2289,3,2,2
2290,3,6,2
2291,3,6,3
2292,3,6,2
2293,3,2,6
2294,3,2,3
2295,3,2,2
2296,3,6,3
2297,3,4,2
2298,3,2,2
2299,3,6,3
2300,3,2,3
2301,3,6,2
2302,3,6,3
2303,3,6,2
2304,3,4,2
2305,3,2,2
2306,3,2,2
2307,3,2,2
2308,3,4,3
2309,3,6,2
2310,3,2,3
2311,3,6,2
2312,3,6,2
2313,3,6,2
2314,3,6,2
2315,3,2,2
2316,3,6,2
2317,3,4,2
2318,3,6,6
2319,3,6,3
2320,3,4,2
2321,3,6,2
2322,3,4,3
2323,3,6,2
2324,3,4,2
2325,3,6,2
2326,3,2,2
2327,3,2,2
2328,3,6,2
2329,3,6,6
2330,3,6,2
2331,3,6,2
2332,3,2,2
2333,3,6,2
2334,3,6,2
2335,3,2,3
2336,3,4,2
2337,3,6,2
2338,3,2,3
2339,3,4,2
2340,3,6,2
2341,3,6,2
2342,3,5,3
2343,3,6,2
2344,3,6,2
2345,3,6,3
2346,3,0,2
2347,3,6,3
2348,3,6,2
2349,3,2,3
2350,3,2,3
2351,3,6,2
2352,3,6,2
2353,3,6,6
2354,3,2,6
2355,3,6,6
2356,3,6,2
2357,3,6,2
2358,3,6,2
2359,3,2,2
2360,3,2,2
2361,3,6,2
2362,3,2,2
2363,3,4,2
2364,3,6,3
2365,3,6,2
2366,3,6,2
2367,3,6,3
2368,3,6,2
2369,3,2,3
2370,3,2,6
2371,3,2,2
2372,3,4,2
2373,3,6,3
2374,3,6,6
2375,3,6,2
2376,3,6,2
2377,3,6,2
2378,3,2,2
2379,3,6,6
2380,3,4,2
2381,3,6,6
2382,3,6,2
2383,3,6,3
2384,3,6,3
2385,3,2,2
2386,3,6,2
2387,3,6,2
2388,3,2,3
2389,3,2,3
2390,3,6,3
2391,3,6,3
2392,3,2,2
2393,3,6,6
2394,3,6,6
2395,3,4,2
2396,3,7,2
2397,3,4,2
2398,3,6,4
2399,3,4,4
2400,3,6,6
2401,3,6,6
2402,3,2,2
2403,3,6,2
2404,3,4,8
2405,3,6,6
2406,3,2,2
2407,3,6,2
2408,3,2,6
2409,3,8,3
2410,3,6,6
2411,3,6,3
2412,3,2,2
2413,3,6,2
2414,3,6,2
2415,3,6,2
2416,3,6,3
2417,3,6,2
2418,3,6,2
2419,3,2,2
2420,3,6,3
2421,3,2,2
2422,3,6,3
2423,3,6,6
2424,3,6,2
2425,3,2,6
2426,3,2,2
2427,3,6,2
2428,3,2,2
2429,3,4,2
2430,3,4,2
2431,3,2,2
2432,3,2,2
2433,3,6,3
2434,3,6,2
2435,3,4,2
2436,3,6,2
2437,3,6,3
2438,3,6,2
2439,3,2,2
2440,3,4,2
2441,3,6,2
2442,3,6,6
2443,3,4,2
2444,3,6,3
2445,3,2,2
2446,3,2,2
2447,3,4,2
2448,3,2,2
2449,3,2,2
2450,3,6,3
2451,3,6,2
2452,3,4,2
2453,3,4,2
2454,3,4,3
2455,3,2,2
2456,3,6,2
2457,3,6,2
2458,3,6,4
2459,3,6,3
2460,3,6,6
2461,3,6,2
2462,3,2,2
2463,3,6,2
2464,3,6,6
2465,3,4,2
2466,3,4,2
2467,3,5,2
2468,3,6,6
2469,3,6,3
2470,3,6,3
2471,3,6,3
2472,3,6,2
2473,3,6,4
2474,3,6,3
2475,3,6,2
2476,3,6,2
2477,3,2,6
2478,3,4,4
2479,3,6,2
2480,3,4,2
2481,3,2,2
2482,3,6,3
2483,3,6,3
2484,3,6,6
2485,3,4,2
2486,3,6,2
2487,3,6,3
2488,3,6,3
2489,3,6,6
2490,3,6,3
2491,3,6,4
2492,3,6,6
2493,3,6,3
2494,3,6,6
2495,3,2,2
2496,3,4,2
2497,3,2,3
2498,3,2,3
2499,3,2,4
2500,3,6,3
2501,3,6,6
2502,3,4,6
2503,3,6,6
2504,3,6,3
2505,3,6,2
2506,3,2,3
2507,3,6,2
2508,3,2,2
2509,3,6,2
2510,3,6,2
2511,3,4,2
2512,3,6,3
2513,3,2,2
2514,3,2,3
2515,3,6,2
2516,3,6,2
2517,3,6,2
2518,3,4,3
2519,3,6,2
2520,3,6,3
2521,3,6,2
2522,3,6,2
2523,3,2,2
2524,3,0,3
2525,3,6,2
2526,3,6,2
2527,3,2,2
2528,3,6,2
2529,3,4,2
2530,3,6,2
2531,3,2,6
2532,3,6,2
2533,3,6,2
2534,3,6,3
2535,3,6,2
2536,3,6,2
2537,3,4,2
2538,3,6,2
2539,3,2,2
2540,3,6,2
2541,3,6,2
2542,3,4,2
2543,3,6,2
2544,3,6,3
2545,3,2,2
2546,3,6,2
2547,3,6,2
2548,3,6,3
2549,3,6,3
2550,3,2,2
2551,3,4,3
2552,3,2,6
2553,3,6,6
2554,3,6,2
2555,3,6,2
2556,3,2,2
2557,3,6,2
2558,3,0,3
2559,3,2,2
2560,3,6,6
2561,3,6,2
2562,3,6,3
2563,3,6,2
2564,3,6,6
2565,3,6,2
2566,3,6,3
2567,3,6,2
2568,3,6,2
2569,3,2,2
2570,3,6,2
2571,3,6,2
2572,3,6,2
2573,3,6,2
2574,3,4,2
2575,3,6,2
2576,3,2,2
2577,3,4,2
2578,3,6,2
2579,3,4,2
2580,3,0,2
2581,3,5,2
2582,3,4,2
2583,3,4,4
2584,3,2,2
2585,3,6,2
2586,3,8,3
2587,3,6,3
2588,3,6,2
2589,3,4,2
2590,3,2,2
2591,3,6,2
2592,3,2,2
2593,3,6,2
2594,3,6,3
2595,3,6,6
2596,3,2,3
2597,3,6,3
2598,3,2,6
2599,3,6,3
2600,3,2,2
2601,3,6,3
2602,3,6,2
2603,3,4,2
2604,3,2,3
2605,3,6,6
2606,3,2,2
2607,3,2,2
2608,3,6,2
2609,3,2,6
2610,3,4,4
2611,3,2,2
2612,3,6,2
2613,3,2,2
2614,3,6,2
2615,3,6,6
2616,3,6,2
2617,3,6,6
2618,3,6,8
2619,3,6,2
2620,3,2,2
2621,3,2,6
2622,3,2,6
2623,3,6,2
2624,3,6,2
2625,3,6,3
2626,3,6,3
2627,3,2,2
2628,3,6,3
2629,3,6,8
2630,3,2,2
2631,3,6,3
2632,3,6,2
2633,3,6,2
2634,3,6,2
2635,3,6,2
2636,3,2,2
2637,3,2,2
2638,3,2,6
2639,3,6,2
2640,3,6,2
2641,3,6,2
2642,3,2,6
2643,3,4,2
2644,3,6,6
2645,3,6,3
2646,3,6,2
2647,3,6,2
2648,3,4,6
2649,3,4,2
2650,3,2,3
2651,3,6,3
2652,3,2,3
2653,3,9,2
2654,3,2,4
2655,3,6,6
2656,3,6,2
2657,3,2,2
2658,3,6,2
2659,3,6,2
2660,3,6,2
2661,3,6,3
2662,3,6,3
2663,3,6,3
2664,3,6,2
2665,3,2,2
2666,3,6,3
2667,3,5,4
2668,3,6,2
2669,3,6,2
2670,3,6,4
2671,3,6,2
2672,3,6,6
2673,3,6,2
2674,3,6,2
2675,3,6,2
2676,3,6,2
2677,3,2,3
2678,3,2,3
2679,3,2,2
2680,3,2,4
2681,3,6,6
2682,3,2,3
2683,3,6,6
2684,3,6,3
2685,3,6,2
2686,3,2,2
2687,3,2,2
2688,3,6,6
2689,3,6,2
2690,3,4,2
2691,3,2,2
2692,3,6,6
2693,3,2,2
2694,3,2,2
2695,3,4,2
2696,3,6,2
2697,3,6,2
2698,3,6,6
2699,3,6,3
2700,3,2,2
2701,3,6,6
2702,3,2,2
2703,3,2,2
2704,3,6,2
2705,3,4,2
2706,3,6,3
2707,3,6,3
2708,3,6,2
2709,3,6,2
2710,3,6,6
2711,3,6,2
2712,3,4,2
2713,3,6,2
2714,3,6,2
2715,3,2,2
2716,3,6,2
2717,3,6,2
2718,3,2,4
2719,3,6,2
2720,3,0,4
2721,3,6,2
2722,3,6,6
2723,3,6,2
2724,3,2,2
2725,3,6,6
2726,3,6,6
2727,3,6,3
2728,3,6,3
2729,3,2,2
2730,3,6,6
2731,3,6,2
2732,3,6,2
2733,3,6,2
2734,3,2,2
2735,3,6,3
2736,3,4,2
2737,3,2,2
2738,3,2,2
2739,3,4,2
2740,3,4,4
2741,3,6,2
2742,3,4,2
2743,3,4,2
2744,3,6,3
2745,3,6,2
2746,3,6,2
2747,3,6,2
2748,3,2,3
2749,3,6,2
2750,3,2,2
2751,3,6,3
2752,3,6,3
2753,3,6,6
2754,3,6,3
2755,3,6,3
2756,3,6,6
2757,3,6,2
2758,3,6,2
2759,3,6,2
2760,3,6,3
2761,3,6,6
2762,3,2,4
2763,3,6,2
2764,3,6,6
2765,3,6,2
2766,3,6,2
2767,3,2,2
2768,3,2,2
2769,3,6,6
2770,3,2,2
2771,3,2,2
2772,3,4,2
2773,3,2,4
2774,3,6,3
2775,3,6,2
2776,3,6,2
2777,3,4,2
2778,3,6,2
2779,3,6,2
2780,3,5,2
2781,3,6,6
2782,3,6,2
2783,3,6,6
2784,3,2,2
2785,3,2,2
2786,3,6,2
2787,3,2,2
2788,3,6,6
2789,3,6,2
2790,3,2,2
2791,3,6,2
2792,3,6,6
2793,3,6,3
2794,3,6,2
2795,3,2,2
2796,3,6,2
2797,3,6,2
2798,3,6,6
2799,3,0,3
2800,3,6,2
2801,3,6,2
2802,3,2,2
2803,3,6,2
2804,3,6,3
2805,3,6,2
2806,3,6,6
2807,3,6,2
2808,3,6,2
2809,3,6,2
2810,3,6,3
2811,3,6,3
2812,3,2,2
2813,3,6,2
2814,3,6,2
2815,3,4,2
2816,3,6,6
2817,3,2,2
2818,3,6,3
2819,3,2,6
2820,3,6,2
2821,3,6,2
2822,3,6,2
2823,3,2,3
2824,3,6,2
2825,3,2,2
2826,3,6,3
2827,3,6,6
2828,3,4,4
2829,3,6,3
2830,3,2,2
2831,3,6,6
2832,3,6,6
2833,3,2,2
2834,3,6,2
2835,3,6,2
2836,3,6,2
2837,3,6,2
2838,3,6,2
2839,3,6,2
2840,3,6,2
2841,3,6,2
2842,3,6,2
2843,3,2,3
2844,3,2,2
2845,3,6,3
2846,3,4,4
2847,3,6,3
2848,3,6,6
2849,3,6,2
2850,3,6,4
2851,3,6,2
2852,3,6,2
2853,3,6,2
2854,3,0,2
2855,3,6,2
2856,3,6,3
2857,3,6,6
2858,3,6,2
2859,3,2,2
2860,3,2,2
2861,3,2,3
2862,3,6,2
2863,3,6,3
2864,3,6,6
2865,3,6,4
2866,3,6,6
2867,3,2,2
2868,3,6,2
2869,3,6,6
2870,3,6,6
2871,3,6,2
2872,3,2,4
2873,3,2,4
2874,3,4,2
2875,3,4,2
2876,3,4,3
2877,3,6,2
2878,3,2,2
2879,3,6,3
2880,3,6,2
2881,3,2,2
2882,3,6,2
2883,3,6,6
2884,3,6,3
2885,3,6,3
2886,3,6,6
2887,3,6,2
2888,3,6,2
2889,3,6,4
2890,3,6,4
2891,3,2,2
2892,3,2,2
2893,3,4,4
2894,3,6,3
2895,3,6,3
2896,3,2,2
2897,3,4,2
2898,3,4,2
2899,3,2,3
2900,3,2,2
2901,3,6,2
2902,3,6,2
2903,3,6,2
2904,3,6,6
2905,3,6,3
2906,3,6,2
2907,3,6,2
2908,3,6,2
2909,3,6,2
2910,3,2,3
2911,3,2,3
2912,3,2,4
2913,3,6,2
2914,3,6,2
2915,3,6,2
2916,3,6,2
2917,3,6,2
2918,3,4,2
2919,3,2,2
2920,3,6,2
2921,3,6,3
2922,3,2,2
2923,3,6,6
2924,3,6,6
2925,3,6,2
2926,3,2,2
2927,3,6,6
2928,3,6,6
2929,3,4,2
2930,3,6,2
2931,3,6,6
2932,3,6,2
2933,3,2,2
2934,3,2,3
2935,3,6,2
2936,3,2,2
2937,3,6,2
2938,3,2,2
2939,3,6,2
2940,3,6,3
2941,3,6,2
2942,3,6,4
2943,3,4,2
2944,3,6,2
2945,4,6,3
2946,4,6,2
2947,4,6,6
2948,4,3,3
2949,4,6,2
2950,4,6,2
2951,4,6,3
2952,4,0,2
2953,4,2,2
2954,4,2,2
2955,4,6,3
2956,4,6,3
2957,4,8,2
2958,4,6,3
2959,4,2,3
2960,4,6,2
2961,4,6,2
2962,4,6,2
2963,4,6,3
2964,4,6,2
2965,4,6,2
2966,4,6,2
2967,4,6,2
2968,4,6,3
2969,4,2,6
2970,4,6,2
2971,4,6,2
2972,4,6,2
2973,4,6,2
2974,4,6,2
2975,4,6,2
2976,4,2,2
2977,4,2,6
2978,4,6,2
2979,4,2,2
2980,4,6,2
2981,4,6,2
2982,4,2,2
2983,4,6,2
2984,4,6,8
2985,4,6,8
2986,4,6,2
2987,4,6,2
2988,4,6,2
2989,4,2,2
2990,4,6,6
2991,4,6,2
2992,4,6,2
2993,4,6,2
2994,4,6,2
2995,4,6,2
2996,4,6,3
2997,4,2,2
2998,4,2,2
2999,4,6,6
3000,4,6,2
3001,4,2,2
3002,4,6,2
3003,4,6,2
3004,4,2,2
3005,4,2,4
3006,4,6,2
3007,4,6,2
3008,4,6,2
3009,4,6,2
3010,4,3,2
3011,4,6,2
3012,4,6,2
3013,4,3,6
3014,4,6,3
3015,4,6,6
3016,4,2,2
3017,4,6,2
3018,4,6,2
3019,4,5,2
3020,4,6,2
3021,4,3,3
3022,4,2,3
3023,4,6,6
3024,4,6,6
3025,4,6,2
3026,4,7,2
3027,4,6,2
3028,4,2,2
3029,4,6,2
3030,4,3,2
3031,4,6,2
3032,4,6,3
3033,4,6,2
3034,4,3,2
3035,4,6,2
3036,4,6,6
3037,4,6,2
3038,4,2,2
3039,4,7,2
3040,4,6,2
3041,4,2,2
3042,4,6,6
3043,4,6,3
3044,4,2,2
3045,4,6,2
3046,4,6,2
3047,4,6,2
3048,4,6,6
3049,4,2,6
3050,4,6,2
3051,4,2,3
3052,4,2,2
3053,4,6,6
3054,4,2,2
3055,4,6,2
3056,4,3,4
3057,4,6,6
3058,4,6,2
3059,4,6,6
3060,4,6,2
3061,4,6,3
3062,4,2,2
3063,4,6,2
3064,4,6,2
3065,4,6,2
3066,4,7,2
3067,4,2,2
3068,4,2,2
3069,4,2,4
3070,4,2,2
3071,4,2,2
3072,4,6,2
3073,4,2,3
3074,4,6,2
3075,4,2,2
3076,4,6,2
3077,4,2,2
3078,4,6,2
3079,4,3,2
3080,4,6,2
3081,4,6,3
3082,4,6,2
3083,4,6,2
3084,4,6,2
3085,4,2,2
3086,4,6,2
3087,4,2,2
3088,4,8,2
3089,4,2,2
3090,4,6,2
3091,4,6,2
3092,4,6,2
3093,4,6,2
3094,4,6,3
3095,4,2,2
3096,4,6,6
3097,4,6,2
3098,4,6,3
3099,4,2,2
3100,4,6,6
3101,4,6,4
3102,4,2,4
3103,4,3,2
3104,4,2,2
3105,4,2,2
3106,4,2,2
3107,4,6,2
3108,4,6,6
3109,4,2,6
3110,4,6,2
3111,4,6,2
3112,4,2,2
3113,4,2,3
3114,4,2,2
3115,4,6,2
3116,4,2,2
3117,4,6,2
3118,4,6,2
3119,4,6,6
3120,4,6,2
3121,4,2,2
3122,4,6,4
3123,4,6,6
3124,4,2,6
3125,4,3,2
3126,4,6,3
3127,4,6,2
3128,4,6,2
3129,4,6,2
3130,4,6,4
3131,4,6,2
3132,4,2,2
3133,4,3,4
3134,4,6,2
3135,4,5,2
3136,4,6,3
3137,4,6,2
3138,4,2,2
3139,4,6,6
3140,4,2,2
3141,4,6,3
3142,4,6,2
3143,4,6,2
3144,4,2,2
3145,4,6,3
3146,4,3,2
3147,4,6,2
3148,4,6,2
3149,4,2,2
3150,4,6,6
3151,4,6,2
3152,4,6,2
3153,4,6,6
3154,4,6,3
3155,4,2,2
3156,4,6,3
3157,4,6,2
3158,4,3,2
3159,4,2,2
3160,4,6,6
3161,4,6,2
3162,4,2,2
3163,4,6,2
3164,4,6,3
3165,4,6,3
3166,4,6,2
3167,4,2,3
3168,4,6,2
3169,4,2,6
3170,4,2,2
3171,4,6,2
3172,4,6,2
3173,4,6,2
3174,4,6,2
3175,4,6,2
3176,4,6,2
3177,4,2,2
3178,4,6,2
3179,4,3,2
3180,4,6,6
3181,4,2,2
3182,4,6,2
3183,4,6,2
3184,4,6,2
3185,4,6,2
3186,4,2,2
3187,4,2,2
3188,4,6,2
3189,4,2,4
3190,4,3,2
3191,4,6,2
3192,4,2,2
3193,4,6,6
3194,4,6,2
3195,4,3,2
3196,4,6,6
3197,4,6,2
3198,4,5,2
3199,4,6,2
3200,4,6,2
3201,4,6,2
3202,4,2,2
3203,4,6,2
3204,4,6,2
3205,4,6,2
3206,4,2,2
3207,4,6,2
3208,4,6,2
3209,4,2,2
3210,4,6,2
3211,4,2,3
3212,4,6,6
3213,4,2,4
3214,4,6,6
3215,4,6,2
3216,4,6,2
3217,4,6,6
3218,4,2,2
3219,4,6,2
3220,4,6,2
3221,4,6,3
3222,4,6,2
3223,4,6,6
3224,4,6,2
3225,4,6,2
3226,4,6,6
3227,4,6,2
3228,4,3,2
3229,4,2,4
3230,4,6,2
3231,4,6,6
3232,4,6,2
3233,4,6,2
3234,4,2,4
3235,4,2,2
3236,4,6,2
3237,4,3,2
3238,4,3,2
3239,4,6,2
3240,4,6,2
3241,4,3,4
3242,4,2,2
3243,4,2,2
3244,4,6,2
3245,4,6,2
3246,4,2,3
3247,4,6,2
3248,4,6,3
3249,4,2,2
3250,4,6,2
3251,4,6,2
3252,4,6,3
3253,4,6,6
3254,4,6,2
3255,4,6,4
3256,4,2,2
3257,4,6,2
3258,4,6,6
3259,4,6,2
3260,4,6,2
3261,4,6,2
3262,4,6,2
3263,4,2,4
3264,4,6,2
3265,4,6,2
3266,4,2,2
3267,4,3,2
3268,4,6,2
3269,4,2,2
3270,4,0,2
3271,4,6,2
3272,4,6,2
3273,4,6,2
3274,4,6,6
3275,4,5,2
3276,4,2,3
3277,4,3,2
3278,4,0,2
3279,4,6,2
3280,4,6,2
3281,4,6,2
3282,4,7,2
3283,4,6,2
3284,4,6,2
3285,4,2,2
3286,4,2,3
3287,4,6,2
3288,4,6,3
3289,4,6,2
3290,4,6,2
3291,4,6,2
3292,4,2,2
3293,4,6,2
3294,4,6,6
3295,4,2,6
3296,4,2,2
3297,4,6,3
3298,4,6,2
3299,4,6,3
3300,4,6,2
3301,4,3,8
3302,4,6,2
3303,4,6,2
3304,4,6,2
3305,4,6,6
3306,4,6,2
3307,4,6,6
3308,4,2,3
3309,4,6,3
3310,4,2,4
3311,4,2,2
3312,4,2,2
3313,4,6,6
3314,4,6,2
3315,4,6,2
3316,4,2,2
3317,4,4,2
3318,4,6,2
3319,4,6,2
3320,4,2,2
3321,4,6,3
3322,4,6,2
3323,4,6,3
3324,4,2,3
3325,4,7,4
3326,4,2,4
3327,4,2,2
3328,4,5,2
3329,4,6,6
3330,4,6,2
3331,4,2,2
3332,4,6,2
3333,4,2,2
3334,4,6,2
3335,4,6,2
3336,4,2,6
3337,4,6,3
3338,4,6,2
3339,4,6,2
3340,4,6,2
3341,4,3,2
3342,4,3,2
3343,4,6,3
3344,4,6,2
3345,4,2,3
3346,4,6,2
3347,4,6,2
3348,4,6,2
3349,4,6,2
3350,4,6,3
3351,4,2,2
3352,4,6,2
3353,4,6,2
3354,4,2,2
3355,4,6,4
3356,4,4,2
3357,4,6,6
3358,4,6,2
3359,4,2,2
3360,4,6,2
3361,4,6,2
3362,4,6,2
3363,4,7,3
3364,4,6,2
3365,4,6,2
3366,4,2,2
3367,4,6,3
3368,4,6,2
3369,4,2,6
3370,4,6,3
3371,4,2,2
3372,4,6,2
3373,4,6,2
3374,4,2,2
3375,4,6,3
3376,4,2,6
3377,4,6,3
3378,4,6,4
3379,4,6,2
3380,4,6,6
3381,4,2,2
3382,4,2,2
3383,4,2,2
3384,4,6,2
3385,4,6,2
3386,4,6,3
3387,4,6,2
3388,4,2,2
3389,4,6,2
3390,4,2,2
3391,4,6,3
3392,4,6,3
3393,4,2,2
3394,4,2,2
3395,4,2,3
3396,4,6,2
3397,4,6,2
3398,4,6,6
3399,4,6,6
3400,4,3,2
3401,4,6,2
3402,4,6,6
3403,4,2,2
3404,4,6,2
3405,4,6,2
3406,4,2,2
3407,4,2,6
3408,4,6,6
3409,4,6,6
3410,4,2,2
3411,4,0,3
3412,4,6,6
3413,4,6,2
3414,4,7,2
3415,4,6,2
3416,4,2,2
3417,4,6,3
3418,4,6,3
3419,4,3,2
3420,4,6,2
3421,4,6,2
3422,4,6,2
3423,4,2,2
3424,4,6,2
3425,4,6,3
3426,4,6,2
3427,4,2,2
3428,4,6,2
3429,4,2,2
3430,4,2,2
3431,4,6,2
3432,4,6,2
3433,4,6,3
3434,4,6,2
3435,4,3,2
3436,4,6,2
3437,4,2,2
3438,4,6,6
3439,4,6,3
3440,4,6,4
3441,4,6,2
3442,4,6,2
3443,4,6,2
3444,4,2,2
3445,4,6,2
3446,4,2,2
3447,4,6,4
3448,4,6,2
3449,4,6,2
3450,4,6,2
3451,4,6,2
3452,4,6,2
3453,4,2,2
3454,4,6,2
3455,4,2,2
3456,4,6,2
3457,4,5,2
3458,4,2,6
3459,4,6,3
3460,4,6,2
3461,4,6,2
3462,4,6,2
3463,4,6,2
3464,4,6,2
3465,4,2,2
3466,4,6,6
3467,4,6,2
3468,4,3,2
3469,4,6,2
3470,4,2,2
3471,4,6,2
3472,4,6,3
3473,4,3,2
3474,4,6,3
3475,4,6,2
3476,4,2,2
3477,4,6,6
3478,4,6,2
3479,4,0,2
3480,4,6,2
3481,4,6,2
3482,4,0,2
3483,4,2,3
3484,4,3,2
3485,4,2,3
3486,4,6,2
3487,4,6,2
3488,4,6,2
3489,4,6,6
3490,4,6,6
3491,4,6,2
3492,4,2,2
3493,4,6,2
3494,4,6,2
3495,4,6,2
3496,4,6,2
3497,4,2,3
3498,4,2,6
3499,4,6,2
3500,4,6,2
3501,4,2,2
3502,4,6,2
3503,4,6,2
3504,4,6,6
3505,4,6,2
3506,4,2,3
3507,4,6,6
3508,4,6,2
3509,4,2,2
3510,4,2,2
3511,4,6,2
3512,4,2,2
3513,4,2,2
3514,4,3,2
3515,4,6,3
3516,4,7,3
3517,4,6,3
3518,4,2,2
3519,4,6,2
3520,4,6,3
3521,4,6,2
3522,4,3,2
3523,4,6,2
3524,4,7,2
3525,4,6,2
3526,4,6,3
3527,4,2,2
3528,4,6,2
3529,4,6,2
3530,4,2,3
3531,4,6,2
3532,4,6,2
3533,4,2,2
3534,4,6,2
3535,4,6,2
3536,4,6,2
3537,4,2,3
3538,4,2,2
3539,4,2,2
3540,4,6,2
3541,4,6,2
3542,4,2,2
3543,4,6,4
3544,4,6,2
3545,4,2,2
3546,4,2,6
3547,4,2,2
3548,4,6,2
3549,4,2,2
3550,4,6,2
3551,4,2,2
3552,4,6,2
3553,4,6,6
3554,4,6,6
3555,4,6,2
3556,4,6,2
3557,4,6,2
3558,4,2,2
3559,4,6,2
3560,4,6,3
3561,4,2,2
3562,4,2,2
3563,4,6,2
3564,4,6,3
3565,4,2,2
3566,4,6,2
3567,4,6,2
3568,4,6,2
3569,4,6,2
3570,4,2,2
3571,4,2,4
3572,4,6,2
3573,4,6,2
3574,4,6,2
3575,4,6,2
3576,4,2,2
3577,4,6,2
3578,4,6,6
3579,4,6,2
3580,4,3,2
3581,4,7,2
3582,4,6,3
3583,4,2,2
3584,4,6,2
3585,4,6,2
3586,4,6,2
3587,4,6,2
3588,4,6,2
3589,4,6,2
3590,4,2,4
3591,4,6,4
3592,4,2,2
3593,4,2,2
3594,4,6,2
3595,4,6,6
3596,4,7,3
3597,4,2,6
3598,4,6,6
3599,4,6,6
3600,4,6,4
3601,4,6,6
3602,4,6,3
3603,4,6,3
3604,4,6,6
3605,4,6,3
3606,4,6,2
3607,4,6,2
3608,4,6,3
3609,4,6,3
3610,4,6,2
3611,4,6,6
3612,4,2,2
3613,4,2,2
3614,4,6,2
3615,4,6,3
3616,4,6,2
3617,4,6,2
3618,4,0,2
3619,4,6,3
3620,4,6,6
3621,4,6,2
3622,4,6,2
3623,4,2,2
3624,4,6,2
3625,4,6,2
3626,4,2,3
3627,4,6,3
3628,4,6,2
3629,4,6,3
3630,4,6,2
3631,4,2,2
3632,4,2,2
3633,4,6,2
3634,4,6,2
3635,4,6,2
3636,4,3,2
3637,4,6,3
3638,4,6,6
3639,4,2,2
3640,4,6,2
3641,4,2,2
3642,4,6,2
3643,4,6,2
3644,4,6,6
3645,4,6,3
3646,4,2,2
3647,4,6,2
3648,4,7,2
3649,4,6,2
3650,4,6,6
3651,4,2,2
3652,4,6,2
3653,4,6,2
3654,4,6,6
3655,4,6,2
3656,4,2,2
3657,4,2,6
3658,4,6,6
3659,4,6,3
3660,4,6,2
3661,4,6,4
3662,4,3,2
3663,4,6,6
3664,4,6,2
3665,4,2,2
3666,4,6,2
3667,4,6,2
3668,4,6,2
3669,4,6,6
3670,4,6,2
3671,4,2,6
3672,4,6,2
3673,4,2,2
3674,4,6,2
3675,4,6,2
3676,4,2,2
3677,4,3,6
3678,4,6,3
3679,4,6,2
3680,4,6,6
3681,4,6,2
3682,4,6,2
3683,4,2,8
3684,4,2,2
3685,4,6,2
3686,4,6,2
3687,4,6,2
3688,4,6,2
3689,4,6,3
3690,4,2,6
3691,4,3,2
3692,4,6,2
3693,4,2,2
3694,4,6,2
3695,4,6,2
3696,4,2,2
3697,4,6,2
3698,4,6,2
3699,4,3,2
3700,4,2,2
3701,4,6,2
3702,4,6,2
3703,4,6,6
3704,4,6,4
3705,4,3,2
3706,4,3,4
3707,4,3,3
3708,4,6,2
3709,4,2,2
3710,4,2,2
3711,4,2,2
3712,4,2,3
3713,4,6,2
3714,4,2,2
3715,4,6,2
3716,4,2,2
3717,4,2,2
3718,4,6,2
3719,4,3,2
3720,4,6,2
3721,4,6,2
3722,4,2,2
3723,4,6,2
3724,4,6,6
3725,4,2,2
3726,4,6,2
3727,4,2,2
3728,4,6,2
3729,4,6,3
3730,4,3,2
3731,4,2,3
3732,4,6,2
3733,4,2,2
3734,4,2,2
3735,4,2,2
3736,4,6,3
3737,4,6,2
3738,4,6,6
3739,4,4,2
3740,4,2,2
3741,4,6,2
3742,4,3,2
3743,4,6,2
3744,4,6,2
3745,4,6,4
3746,4,3,2
3747,4,6,3
3748,4,6,2
3749,4,6,2
3750,4,2,2
3751,4,6,2
3752,4,6,2
3753,4,6,2
3754,4,2,6
3755,4,6,2
3756,4,6,3
3757,4,2,2
3758,4,2,2
3759,4,6,2
3760,4,2,2
3761,4,6,4
3762,4,2,2
3763,4,6,2
3764,4,2,2
3765,4,6,2
3766,4,6,2
3767,4,6,3
3768,4,6,2
3769,4,6,3
3770,4,6,2
3771,4,6,2
3772,4,6,2
3773,4,6,2
3774,4,6,6
3775,4,6,2
3776,4,6,2
3777,4,6,2
3778,4,2,2
3779,4,6,6
3780,4,6,2
3781,4,6,3
3782,4,6,2
3783,4,6,2
3784,4,6,2
3785,4,2,2
3786,4,2,2
3787,4,6,2
3788,4,2,2
3789,4,6,6
3790,4,6,2
3791,4,6,2
3792,4,6,2
3793,4,6,2
3794,4,2,6
3795,4,6,6
3796,4,2,2
3797,4,6,2
3798,4,6,2
3799,4,2,2
3800,4,6,2
3801,4,6,2
3802,4,6,2
3803,4,2,3
3804,4,6,2
3805,4,6,2
3806,4,6,2
3807,4,6,2
3808,4,6,3
3809,4,5,2
3810,4,3,2
3811,4,2,4
3812,4,2,2
3813,4,7,2
3814,5,2,6
3815,5,6,2
3816,5,6,2
3817,5,6,2
3818,5,4,2
3819,5,2,4
3820,5,2,3
3821,5,6,2
3822,5,2,4
3823,5,3,3
3824,5,6,6
3825,5,6,2
3826,5,4,2
3827,5,2,3
3828,5,4,6
3829,5,6,3
3830,5,6,8
3831,5,6,2
3832,5,2,2
3833,5,3,2
3834,5,6,3
3835,5,3,2
3836,5,4,3
3837,5,6,3
3838,5,2,2
3839,5,6,2
3840,5,6,2
3841,5,2,3
3842,5,2,2
3843,5,6,6
3844,5,2,3
3845,5,6,6
3846,5,6,6
3847,5,3,3
3848,5,6,6
3849,5,2,3
3850,5,6,2
3851,5,3,2
3852,5,2,2
3853,5,6,3
3854,5,6,2
3855,5,2,2
3856,5,4,4
3857,5,6,2
3858,5,6,6
3859,5,2,2
3860,5,3,2
3861,5,6,2
3862,5,2,2
3863,5,2,3
3864,5,3,3
3865,5,2,3
3866,5,2,2
3867,5,3,3
3868,5,6,2
3869,5,2,2
3870,5,2,2
3871,5,6,2
3872,5,4,2
3873,5,2,2
3874,5,2,2
3875,5,2,2
3876,5,3,2
3877,5,2,2
3878,5,4,2
3879,5,6,2
3880,5,2,2
3881,5,3,2
3882,5,2,2
3883,5,6,6
3884,5,6,2
3885,5,4,2
3886,5,6,2
3887,5,4,2
3888,5,6,3
3889,5,6,2
3890,5,6,6
3891,5,6,2
3892,5,6,2
3893,5,3,2
3894,5,3,2
3895,5,4,2
3896,5,6,6
3897,5,2,3
3898,5,3,2
3899,5,4,2
3900,5,2,6
3901,5,4,2
3902,5,4,4
3903,5,6,2
3904,5,6,2
3905,5,6,6
3906,5,6,2
3907,5,6,3
3908,5,2,2
3909,5,2,2
3910,5,3,2
3911,5,3,2
3912,5,3,2
3913,5,6,2
3914,5,6,6
3915,5,6,3
3916,5,4,2
3917,5,3,2
3918,5,2,2
3919,5,3,3
3920,5,2,2
3921,5,2,3
3922,5,6,3
3923,5,3,6
3924,5,3,3
3925,5,2,2
3926,5,2,2
3927,5,6,3
3928,5,6,6
3929,5,2,2
3930,5,3,2
3931,5,4,3
3932,5,2,2
3933,5,2,3
3934,5,2,2
3935,5,2,2
3936,5,2,2
3937,5,3,2
3938,5,6,6
3939,5,6,2
3940,5,3,2
3941,5,2,2
3942,5,3,6
3943,5,6,3
3944,5,6,2
3945,5,3,2
3946,5,6,2
3947,5,2,2
3948,5,6,2
3949,5,2,2
3950,5,3,3
3951,5,6,3
3952,5,6,3
3953,5,4,3
3954,5,2,2
3955,5,4,2
3956,5,2,2
3957,5,6,6
3958,5,6,2
3959,5,2,2
3960,5,6,4
3961,5,6,2
3962,5,6,2
3963,5,6,2
3964,5,2,2
3965,5,3,3
3966,5,3,2
3967,5,4,3
3968,5,2,2
3969,5,2,4
3970,5,6,2
3971,5,6,2
3972,5,4,2
3973,5,4,3
3974,5,2,2
3975,5,2,4
3976,5,2,2
3977,5,6,6
3978,5,3,2
3979,5,4,3
3980,5,6,2
3981,5,3,2
3982,5,2,3
3983,5,6,2
3984,5,6,2
3985,5,6,2
3986,5,2,3
3987,5,4,2
3988,5,4,3
3989,5,2,2
3990,5,3,2
3991,5,4,2
3992,5,3,6
3993,5,6,2
3994,5,3,2
3995,5,4,2
3996,5,2,2
3997,5,2,2
3998,5,6,2
3999,5,6,2
4000,5,6,2
4001,5,3,2
4002,5,4,2
4003,5,2,2
4004,5,6,2
4005,5,2,3
4006,5,6,2
4007,5,3,2
4008,5,6,2
4009,5,7,4
4010,5,3,4
4011,5,6,2
4012,5,6,6
4013,5,6,2
4014,5,6,6
4015,5,6,2
4016,5,6,6
4017,5,6,6
4018,5,6,2
4019,5,6,2
4020,5,6,2
4021,5,6,2
4022,5,2,2
4023,5,2,4
4024,5,3,2
4025,5,3,2
4026,5,6,4
4027,5,6,3
4028,5,2,2
4029,5,6,2
4030,5,3,2
4031,5,3,2
4032,5,3,2
4033,5,3,3
4034,5,2,2
4035,5,6,3
4036,5,4,6
4037,5,6,2
4038,5,2,2
4039,5,2,2
4040,5,2,3
4041,5,2,2
4042,5,3,2
4043,5,6,2
4044,5,3,2
4045,5,4,2
4046,5,2,2
4047,5,6,3
4048,5,6,2
4049,5,3,2
4050,5,2,2
4051,5,6,4
4052,5,3,2
4053,5,3,3
4054,5,6,3
4055,5,2,3
4056,5,6,4
4057,5,2,2
4058,5,2,2
4059,5,2,2
4060,5,3,6
4061,5,2,2
4062,5,2,2
4063,5,2,3
4064,5,6,2
4065,5,3,2
4066,5,6,6
4067,5,3,2
4068,5,2,4
4069,5,6,2
4070,5,6,3
4071,5,2,2
4072,5,2,2
4073,5,6,2
4074,5,6,2
4075,5,2,2
4076,5,2,2
4077,5,2,2
4078,5,6,2
4079,5,2,3
4080,5,2,2
4081,5,3,6
4082,5,3,2
4083,5,4,4
4084,5,3,2
4085,5,6,6
4086,5,2,2
4087,5,6,2
4088,5,2,2
4089,5,3,2
4090,5,6,3
4091,5,2,2
4092,5,6,2
4093,5,2,3
4094,5,6,2
4095,5,6,6
4096,5,2,3
4097,5,2,2
4098,5,3,3
4099,5,6,2
4100,5,4,3
4101,5,3,2
4102,5,6,2
4103,5,2,2
4104,5,4,2
4105,5,3,2
4106,5,2,2
4107,5,6,3
4108,5,3,2
4109,5,4,2
4110,5,6,2
4111,5,6,2
4112,5,6,6
4113,5,3,2
4114,5,6,3
4115,5,2,2
4116,5,3,2
4117,5,6,4
4118,5,2,2
4119,5,4,2
4120,5,2,2
4121,5,2,2
4122,5,6,2
4123,5,6,2
4124,5,6,2
4125,5,3,2
4126,5,6,2
4127,5,6,2
4128,5,3,2
4129,5,6,6
4130,5,6,3
4131,5,6,3
4132,5,2,2
4133,5,6,2
4134,5,2,2
4135,5,2,2
4136,5,2,2
4137,5,2,2
4138,5,6,2
4139,5,4,2
4140,5,3,3
4141,5,2,2
4142,5,2,2
4143,5,2,2
4144,5,3,2
4145,5,8,2
4146,5,6,2
4147,5,6,6
4148,5,2,2
4149,5,2,2
4150,5,3,2
4151,5,2,2
4152,5,6,2
4153,5,6,2
4154,5,2,3
4155,5,6,2
4156,5,3,2
4157,5,6,2
4158,5,7,3
4159,5,6,2
4160,5,2,2
4161,5,6,2
4162,5,6,2
4163,5,2,4
4164,5,6,6
4165,5,3,2
4166,5,2,2
4167,5,2,3
4168,5,2,2
4169,5,6,2
4170,5,2,6
4171,5,3,2
4172,5,2,2
4173,5,2,2
4174,5,2,6
4175,5,4,2
4176,5,0,3
4177,5,4,2
4178,5,2,6
4179,5,6,3
4180,5,2,2
4181,5,6,3
4182,5,3,2
4183,5,6,2
4184,5,6,3
4185,5,2,2
4186,5,6,2
4187,5,6,2
4188,5,3,3
4189,5,3,3
4190,5,6,6
4191,5,6,2
4192,5,2,6
4193,5,2,2
4194,5,2,4
4195,5,3,2
4196,5,4,2
4197,5,3,3
4198,5,2,2
4199,5,2,2
4200,5,2,2
4201,5,2,2
4202,5,2,2
4203,5,3,2
4204,5,2,2
4205,5,2,3
4206,5,4,6
4207,5,3,2
4208,5,6,8
4209,5,3,3
4210,5,2,2
4211,5,6,2
4212,5,4,2
4213,5,6,2
4214,5,2,2
4215,5,3,2
4216,5,6,3
4217,5,2,2
4218,5,6,2
4219,5,3,2
4220,5,4,2
4221,5,2,2
4222,5,6,3
4223,5,4,2
4224,5,2,3
4225,5,6,3
4226,5,6,2
4227,5,6,2
4228,5,6,3
4229,5,6,3
4230,5,3,2
4231,5,4,3
4232,5,2,6
4233,5,2,6
4234,5,2,2
4235,5,2,6
4236,5,3,3
4237,5,2,2
4238,5,6,3
4239,5,6,2
4240,5,6,2
4241,5,2,6
4242,5,2,2
4243,5,2,2
4244,5,3,3
4245,5,6,2
4246,5,6,3
4247,5,2,2
4248,5,6,2
4249,5,2,3
4250,5,3,2
4251,5,6,6
4252,5,6,2
4253,5,6,2
4254,5,2,2
4255,5,2,2
4256,5,3,2
4257,5,6,2
4258,5,2,3
4259,5,4,2
4260,5,8,2
4261,5,3,3
4262,5,2,2
4263,5,6,2
4264,5,6,6
4265,5,4,2
4266,5,4,3
4267,5,4,6
4268,5,2,2
4269,5,2,2
4270,5,6,2
4271,5,6,3
4272,5,6,2
4273,5,6,2
4274,5,2,2
4275,5,4,2
4276,5,2,2
4277,5,2,2
4278,5,6,2
4279,5,2,2
4280,5,3,2
4281,5,2,2
4282,5,2,2
4283,5,2,3
4284,5,6,6
4285,5,6,6
4286,5,6,2
4287,5,2,2
4288,5,2,2
4289,5,6,3
4290,5,6,3
4291,5,3,6
4292,5,2,2
4293,5,3,2
4294,5,6,2
4295,5,2,2
4296,5,3,2
4297,5,2,2
4298,5,6,2
4299,5,2,3
4300,5,2,2
4301,5,4,2
4302,5,2,4
4303,5,2,2
4304,5,2,2
4305,5,3,2
4306,5,3,3
4307,5,2,2
4308,5,2,2
4309,5,6,2
4310,5,8,2
4311,5,3,6
4312,5,6,2
4313,5,6,2
4314,5,6,3
4315,5,6,6
4316,5,6,3
4317,5,6,2
4318,5,2,2
4319,5,2,2
4320,5,4,2
4321,5,6,2
4322,5,2,2
4323,5,4,2
4324,5,6,2
4325,5,2,2
4326,5,3,4
4327,5,6,3
4328,5,3,2
4329,5,7,3
4330,5,3,2
4331,5,6,2
4332,5,2,2
4333,5,2,2
4334,5,3,2
4335,5,4,3
4336,5,2,6
4337,5,3,2
4338,5,3,3
4339,5,6,2
4340,5,6,2
4341,5,2,2
4342,5,6,3
4343,5,3,3
4344,5,2,2
4345,5,6,6
4346,5,6,2
4347,5,2,2
4348,5,4,2
4349,5,2,2
4350,5,2,2
4351,5,3,3
4352,5,6,2
4353,5,2,2
4354,5,6,2
4355,5,2,2
4356,5,3,2
4357,5,3,2
4358,5,6,2
4359,5,3,2
4360,5,6,2
4361,5,2,2
4362,5,6,2
4363,5,6,3
4364,5,2,2
4365,5,2,2
4366,5,6,3
4367,5,6,2
4368,5,4,2
4369,5,6,2
4370,5,2,3
4371,5,2,2
4372,5,2,2
4373,5,6,2
4374,5,4,4
4375,5,6,3
4376,5,6,3
4377,5,2,2
4378,5,2,2
4379,5,6,2
4380,5,2,2
4381,5,6,6
4382,5,2,2
4383,5,6,2
4384,5,4,2
4385,5,3,2
4386,5,2,2
4387,5,2,2
4388,5,6,2
4389,5,6,2
4390,5,3,2
4391,5,2,2
4392,5,3,3
4393,5,2,2
4394,5,2,3
4395,5,2,2
4396,5,6,3
4397,5,2,2
4398,5,6,2
4399,5,2,6
4400,5,3,2
4401,5,2,2
4402,5,2,2
4403,5,2,4
4404,5,6,4
4405,5,3,4
4406,5,6,2
4407,5,3,3
4408,5,2,3
4409,5,4,2
4410,5,6,3
4411,5,6,3
4412,5,6,4
4413,5,6,2
4414,5,2,6
4415,5,2,3
4416,5,2,3
4417,5,6,3
4418,5,6,2
4419,5,3,2
4420,5,2,2
4421,5,2,2
4422,5,3,4
4423,5,6,3
4424,5,2,2
4425,5,2,2
4426,5,3,6
4427,5,2,2
4428,5,6,4
4429,5,3,6
4430,5,6,2
4431,5,6,2
4432,5,6,2
4433,5,6,3
4434,5,3,2
4435,5,6,6
4436,5,6,2
4437,5,2,2
4438,5,6,6
4439,5,4,2
4440,5,4,2
4441,5,6,2
4442,5,2,3
4443,5,2,2
4444,5,6,4
4445,5,4,2
4446,5,6,6
4447,5,4,2
4448,5,3,3
4449,5,3,2
4450,5,3,2
4451,5,2,2
4452,5,6,2
4453,5,3,2
4454,5,4,3
4455,5,6,2
4456,5,2,2
4457,5,6,2
4458,5,2,2
4459,5,6,2
4460,5,6,2
4461,5,6,2
4462,5,6,2
4463,5,2,4
4464,5,6,6
4465,5,6,2
4466,5,6,2
4467,5,2,2
4468,5,2,3
4469,5,2,3
4470,5,2,2
4471,5,6,2
4472,5,2,4
4473,5,6,2
4474,5,6,2
4475,5,6,2
4476,5,2,2
4477,6,4,4
4478,6,2,2
4479,6,2,2
4480,6,2,2
4481,6,4,2
4482,6,3,2
4483,6,2,2
4484,6,2,2
4485,6,3,6
4486,6,2,2
4487,6,2,2
4488,6,3,2
4489,6,4,2
4490,6,2,2
4491,6,2,2
4492,6,2,3
4493,6,6,3
4494,6,2,2
4495,6,4,2
4496,6,2,2
4497,6,4,2
4498,6,2,2
4499,6,2,2
4500,6,2,2
4501,6,2,2
4502,6,4,3
4503,6,2,2
4504,6,2,2
4505,6,2,2
4506,6,2,2
4507,6,4,2
4508,6,2,2
4509,6,3,2
4510,6,4,2
4511,6,4,2
4512,6,2,2
4513,6,2,6
4514,6,2,2
4515,6,2,6
4516,6,2,2
4517,6,2,2
4518,6,4,4
4519,6,2,2
4520,6,4,2
4521,6,3,2
4522,6,2,4
4523,6,2,2
4524,6,2,2
4525,6,3,2
4526,6,3,3
4527,6,4,2
4528,6,2,2
4529,6,2,6
4530,6,2,2
4531,6,2,2
4532,6,3,2
4533,6,2,2
4534,6,2,2
4535,6,2,6
4536,6,2,6
4537,6,2,2
4538,6,2,2
4539,6,2,2
4540,6,2,2
4541,6,2,2
4542,6,2,2
4543,6,2,2
4544,6,2,2
4545,6,2,2
4546,6,4,2
4547,6,2,2
4548,6,4,6
4549,6,4,2
4550,6,4,4
4551,6,2,2
4552,6,2,2
4553,6,2,2
4554,6,2,2
4555,6,6,2
4556,6,4,2
4557,6,3,2
4558,6,2,2
4559,6,2,2
4560,6,4,2
4561,6,4,2
4562,6,3,2
4563,6,2,2
4564,6,2,2
4565,6,3,2
4566,6,2,2
4567,6,3,3
4568,6,2,2
4569,6,2,4
4570,6,4,3
4571,6,2,6
4572,6,2,2
4573,6,6,2
4574,6,2,2
4575,6,2,2
4576,6,4,3
4577,6,2,3
4578,6,4,2
4579,6,4,3
4580,6,2,2
4581,6,2,2
4582,6,2,2
4583,6,2,2
4584,6,2,2
4585,6,4,4
4586,6,2,2
4587,6,3,3
4588,6,2,2
4589,6,2,2
4590,6,2,2
4591,6,2,2
4592,6,2,2
4593,6,4,4
4594,6,3,3
4595,6,4,3
4596,6,2,2
4597,6,2,2
4598,6,3,2
4599,6,4,3
4600,6,4,4
4601,6,4,3
4602,6,2,2
4603,6,2,2
4604,6,4,6
4605,6,7,6
4606,6,2,2
4607,6,2,2
4608,6,4,2
4609,6,6,2
4610,6,2,2
4611,6,2,2
4612,6,2,2
4613,6,2,2
4614,6,2,2
4615,6,2,2
4616,6,2,3
4617,6,4,2
4618,6,3,6
4619,6,2,2
4620,6,4,2
4621,6,2,2
4622,6,2,2
4623,6,2,2
4624,6,2,2
4625,6,4,2
4626,6,3,3
4627,6,4,2
4628,6,2,2
4629,6,3,2
4630,6,2,4
4631,6,3,4
4632,6,2,2
4633,6,3,2
4634,6,6,6
4635,6,4,6
4636,6,3,4
4637,6,2,2
4638,6,4,2
4639,6,3,2
4640,6,2,3
4641,6,2,2
4642,6,2,2
4643,6,6,2
4644,6,2,2
4645,6,2,2
4646,6,2,2
4647,6,2,2
4648,6,4,2
4649,6,4,3
4650,6,6,2
4651,6,2,6
4652,6,4,2
4653,6,2,2
4654,6,2,2
4655,6,2,2
4656,6,2,2
4657,6,2,2
4658,6,4,2
4659,6,4,2
4660,6,2,4
4661,6,2,6
4662,6,2,6
4663,6,2,2
4664,6,2,2
4665,6,2,2
4666,6,2,2
4667,6,3,2
4668,6,2,2
4669,6,2,2
4670,6,4,2
4671,6,2,3
4672,6,4,2
4673,6,2,2
4674,6,3,3
4675,6,2,2
4676,6,3,3
4677,6,2,2
4678,6,4,2
4679,6,4,2
4680,6,2,2
4681,6,2,2
4682,6,2,2
4683,6,2,2
4684,6,2,4
4685,6,6,2
4686,6,2,2
4687,6,3,4
4688,6,2,3
4689,6,2,2
4690,6,2,2
4691,6,4,2
4692,6,3,6
4693,6,8,3
4694,6,2,2
4695,6,2,2
4696,6,2,2
4697,6,2,2
4698,6,4,6
4699,6,2,2
4700,6,2,3
4701,6,4,2
4702,6,2,3
4703,6,2,2
4704,6,2,2
4705,6,2,6
4706,6,4,3
4707,6,2,2
4708,6,2,2
4709,6,2,2
4710,6,3,2
4711,6,4,4
4712,6,2,2
4713,6,3,2
4714,6,4,4
4715,6,2,2
4716,6,2,2
4717,6,2,2
4718,6,3,2
4719,6,4,4
4720,6,0,3
4721,6,6,2
4722,6,2,3
4723,6,2,2
4724,6,4,2
4725,6,2,2
4726,6,3,2
4727,6,2,6
4728,6,2,2
4729,6,3,3
4730,6,4,2
4731,6,3,3
4732,6,4,2
4733,6,2,2
4734,6,2,2
4735,6,2,6
4736,6,2,2
4737,6,2,2
4738,6,2,6
4739,6,3,3
4740,6,2,4
4741,6,6,2
4742,6,2,2
4743,6,2,3
4744,6,4,3
4745,6,2,2
4746,6,2,2
4747,6,2,6
4748,6,2,3
4749,6,4,2
4750,6,3,6
4751,6,6,3
4752,6,2,2
4753,6,4,2
4754,6,2,2
4755,6,4,3
4756,6,2,6
4757,6,2,2
4758,6,2,2
4759,6,2,2
4760,6,6,2
4761,6,2,2
4762,6,2,2
4763,6,3,6
4764,6,4,2
4765,6,2,6
4766,6,3,2
4767,6,2,6
4768,6,4,2
4769,6,2,2
4770,6,2,2
4771,6,3,3
4772,6,2,2
4773,6,2,2
4774,6,2,2
4775,6,2,2
4776,6,2,6
4777,6,3,3
4778,6,3,2
4779,6,4,2
4780,6,2,2
4781,6,2,2
4782,6,5,2
4783,6,2,2
4784,6,2,2
4785,6,2,2
4786,6,3,3
4787,6,3,4
4788,6,2,2
4789,6,2,6
4790,6,2,2
4791,6,2,4
4792,6,2,3
4793,6,2,2
4794,6,2,2
4795,6,2,2
4796,6,2,2
4797,6,4,2
4798,6,2,2
4799,6,2,6
4800,6,4,4
4801,6,2,6
4802,6,3,2
4803,6,3,4
4804,6,2,2
4805,6,4,6
4806,6,2,2
4807,6,4,3
4808,6,2,2
4809,6,2,2
4810,6,2,2
4811,6,2,2
4812,6,2,2
4813,6,2,6
4814,6,2,6
4815,6,4,2
4816,6,2,2
4817,6,2,3
4818,6,2,2
4819,6,2,2
4820,6,2,2
4821,6,2,2
4822,6,2,2
4823,6,4,2
4824,6,4,6
4825,6,2,2
4826,6,6,2
4827,6,2,2
4828,6,2,2
4829,6,2,6
4830,6,2,3
4831,6,2,2
4832,6,2,6
4833,6,3,6
4834,6,4,2
4835,6,2,2
4836,6,4,2
4837,6,3,2
4838,6,2,3
4839,6,2,6
4840,6,2,2
4841,6,4,2
4842,6,2,3
4843,6,2,2
4844,6,4,2
4845,6,2,2
4846,6,2,2
4847,6,4,2
4848,6,4,2
4849,6,4,2
4850,6,2,6
4851,6,2,2
4852,6,2,2
4853,6,2,2
4854,6,6,2
4855,6,2,2
4856,6,2,2
4857,6,2,3
4858,6,2,2
4859,6,2,2
4860,6,3,3
4861,6,2,2
4862,6,2,2
4863,6,3,2
4864,6,2,2
4865,6,4,2
4866,6,4,2
4867,6,4,2
4868,6,2,2
4869,6,6,2
4870,6,3,3
4871,6,2,2
4872,6,3,4
4873,6,2,2
4874,6,2,2
4875,6,2,2
4876,6,4,6
4877,6,3,3
4878,6,2,2
4879,6,6,2
4880,6,4,6
4881,6,2,2
4882,6,2,2
4883,6,2,2
4884,6,2,2
4885,6,4,2
4886,6,2,2
4887,6,2,2
4888,6,2,2
4889,6,4,2
4890,6,2,2
4891,6,2,3
4892,6,2,2
4893,6,6,2
4894,6,2,3
4895,6,3,2
4896,6,2,3
4897,6,2,4
4898,6,4,3
4899,6,4,2
4900,6,4,6
4901,6,2,2
4902,6,2,2
4903,6,4,2
4904,6,3,6
4905,6,2,2
4906,6,2,2
4907,6,4,3
4908,6,3,2
4909,6,4,2
4910,6,2,2
4911,6,2,2
4912,6,2,2
4913,6,2,2
4914,6,2,2
4915,6,2,3
4916,6,4,3
4917,6,2,2
4918,6,2,6
4919,6,4,4
4920,6,2,6
4921,6,4,2
4922,6,2,2
4923,6,2,4
4924,6,4,2
4925,6,3,2
4926,6,2,2
4927,6,2,2
4928,6,2,3
4929,6,2,2
4930,6,3,4
4931,6,4,2
4932,6,4,3
4933,6,3,2
4934,6,2,2
4935,6,2,2
4936,6,3,3
4937,6,2,2
4938,6,4,2
4939,6,2,2
4940,6,2,2
4941,6,2,2
4942,6,6,3
4943,6,2,2
4944,6,4,6
4945,6,2,2
4946,6,2,6
4947,6,4,3
4948,6,4,2
4949,6,4,3
4950,6,6,2
4951,6,2,2
4952,6,2,2
4953,6,2,2
4954,6,2,2
4955,6,2,2
4956,6,2,2
4957,6,3,2
4958,6,4,2
4959,6,4,3
4960,6,2,6
4961,6,2,2
4962,6,4,2
4963,6,2,3
4964,6,2,2
4965,6,2,2
4966,6,4,2
4967,6,4,2
4968,6,2,3
4969,6,2,2
4970,6,4,2
4971,6,3,2
4972,6,3,2
4973,6,4,2
4974,6,6,2
4975,6,6,2
4976,6,4,4
4977,6,4,2
4978,6,4,2
4979,6,2,2
4980,6,4,2
4981,6,2,2
4982,6,4,2
4983,6,2,2
4984,6,4,2
4985,6,2,2
4986,6,4,2
4987,6,2,6
4988,6,2,3
4989,6,2,2
4990,6,2,3
4991,6,2,2
4992,6,3,2
4993,6,2,2
4994,6,4,2
4995,6,2,2
4996,6,4,2
4997,6,4,2
4998,6,2,2
4999,6,2,3
5000,6,2,2
5001,6,3,2
5002,6,2,2
5003,6,3,6
5004,6,2,2
5005,6,2,2
5006,6,2,4
5007,6,2,2
5008,6,2,2
5009,6,2,6
5010,6,2,4
5011,6,2,6
5012,6,2,2
5013,6,6,3
5014,6,2,8
5015,6,2,3
5016,6,3,2
5017,6,2,3
5018,6,2,2
5019,6,2,6
5020,6,4,2
5021,6,2,4
5022,6,2,2
5023,6,3,2
5024,6,4,3
5025,6,2,2
5026,6,2,3
5027,6,2,2
5028,6,2,2
5029,6,2,3
5030,6,4,3
5031,6,2,2
5032,6,2,2
5033,6,4,2
5034,6,4,6
5035,6,3,6
5036,6,2,2
5037,6,2,2
5038,6,3,3
5039,6,2,6
5040,6,4,4
5041,6,2,2
5042,6,2,4
5043,6,3,6
5044,6,2,2
5045,6,2,2
5046,6,2,2
5047,6,2,2
5048,6,2,2
5049,6,4,2
5050,6,4,2
5051,6,4,3
5052,6,2,2
5053,6,2,2
5054,6,4,2
5055,6,2,6
5056,6,4,3
5057,6,8,3
5058,6,3,2
5059,6,2,2
5060,6,4,2
5061,6,2,2
5062,6,2,3
5063,6,2,2
5064,6,2,2
5065,6,2,2
5066,6,2,2
5067,6,2,2
5068,6,2,2
5069,6,2,2
5070,6,2,2
5071,6,4,2
5072,6,4,2
5073,6,2,2
5074,6,2,2
5075,6,4,3
5076,6,2,6
5077,6,2,2
5078,6,2,4
5079,6,4,2
5080,6,2,2
5081,6,4,2
5082,6,2,2
5083,6,2,2
5084,6,4,2
5085,6,3,2
5086,6,9,6
5087,6,2,2
5088,6,2,6
5089,6,3,2
5090,6,6,2
5091,6,2,3
5092,6,4,2
5093,6,2,6
5094,6,3,4
5095,6,2,8
5096,6,2,2
5097,6,2,3
5098,6,3,2
5099,6,2,2
5100,6,2,2
5101,6,2,6
5102,6,3,6
5103,6,3,2
5104,6,6,3
5105,6,3,3
5106,6,4,2
5107,6,2,2
5108,6,4,2
5109,6,3,3
5110,6,2,2
5111,6,2,2
5112,6,3,3
5113,6,3,2
5114,6,2,2
5115,6,2,3
5116,6,2,2
5117,6,4,2
5118,6,2,2
5119,6,4,2
5120,6,4,2
5121,6,2,2
5122,6,2,2
5123,6,4,2
5124,6,2,2
5125,6,2,2
5126,6,3,3
5127,6,2,3
5128,6,2,2
5129,6,6,3
5130,6,2,2
5131,6,4,2
5132,6,4,3
5133,6,3,2
5134,6,3,3
5135,6,2,2
5136,6,2,3
5137,6,3,2
5138,6,7,3
5139,6,2,2
5140,6,2,2
5141,6,2,2
5142,6,2,2
5143,6,2,4
5144,6,4,2
5145,6,2,2
5146,6,2,6
5147,6,2,3
5148,6,2,2
5149,6,2,6
5150,6,3,6
5151,6,2,2
5152,6,2,2
5153,6,4,4
5154,6,2,2
5155,6,2,2
5156,6,2,2
5157,6,4,3
5158,6,2,2
5159,6,2,2
5160,6,4,2
5161,6,3,2
5162,6,2,2
5163,6,4,2
5164,6,3,2
5165,6,2,2
5166,6,2,2
5167,6,2,6
5168,6,3,3
5169,6,4,4
5170,6,6,2
5171,6,2,2
5172,6,2,4
5173,6,2,2
5174,6,2,3
5175,6,2,2
5176,6,4,2
5177,6,2,2
5178,6,3,2
5179,6,2,3
5180,6,4,4
5181,6,4,2
5182,6,2,3
5183,6,2,2
5184,6,2,2
5185,6,2,6
5186,6,3,6
5187,6,6,2
5188,6,2,2
5189,6,3,2
5190,6,2,3
5191,6,2,2
5192,6,2,2
5193,6,4,2
5194,6,3,2
5195,6,2,2
5196,6,2,2
5197,6,2,3
5198,6,2,2
5199,6,3,2
5200,6,3,6
5201,6,2,2
5202,6,2,3
5203,6,2,2
5204,6,6,2
5205,6,2,2
5206,6,3,2
5207,6,2,6
5208,6,2,2
5209,6,2,2
5210,6,2,3
5211,6,2,2
5212,6,2,2
5213,6,2,2
5214,6,3,2
5215,6,3,3
5216,6,4,2
5217,6,2,2
5218,6,2,6
5219,6,2,3
5220,7,2,2
5221,7,4,2
5222,7,6,2
5223,7,4,2
5224,7,6,2
5225,7,4,2
5226,7,4,2
5227,7,6,3
5228,7,3,3
5229,7,6,6
5230,7,6,2
5231,7,2,4
5232,7,4,4
5233,7,6,2
5234,7,6,2
5235,7,6,2
5236,7,6,2
5237,7,4,6
5238,7,4,2
5239,7,2,3
5240,7,4,3
5241,7,6,2
5242,7,6,2
5243,7,4,4
5244,7,2,2
5245,7,2,2
5246,7,4,2
5247,7,4,2
5248,7,6,2
5249,7,2,2
5250,7,6,3
5251,7,2,2
5252,7,6,2
5253,7,6,3
5254,7,4,2
5255,7,4,2
5256,7,6,2
5257,7,4,2
5258,7,6,6
5259,7,6,2
5260,7,6,2
5261,7,2,2
5262,7,2,3
5263,7,2,2
5264,7,6,2
5265,7,2,2
5266,7,4,4
5267,7,4,2
5268,7,2,3
5269,7,6,2
5270,7,4,2
5271,7,4,2
5272,7,4,2
5273,7,2,2
5274,7,4,4
5275,7,4,4
5276,7,4,6
5277,7,6,2
5278,7,2,2
5279,7,3,3
5280,7,6,6
5281,7,6,2
5282,7,4,2
5283,7,2,3
5284,7,4,2
5285,7,4,8
5286,7,4,3
5287,7,4,2
5288,7,2,2
5289,7,4,4
5290,7,6,3
5291,7,6,2
5292,7,4,2
5293,7,6,2
5294,7,6,2
5295,7,2,2
5296,7,4,2
5297,7,2,2
5298,7,4,4
5299,7,6,6
5300,7,4,2
5301,7,4,2
5302,7,2,3
5303,7,3,2
5304,7,4,2
5305,7,2,2
5306,7,6,2
5307,7,4,3
5308,7,4,4
5309,7,4,2
5310,7,6,2
5311,7,6,2
5312,7,6,2
5313,7,3,3
5314,7,4,2
5315,7,2,2
5316,7,2,6
5317,7,4,2
5318,7,6,2
5319,7,2,2
5320,7,2,2
5321,7,4,2
5322,7,2,2
5323,7,6,6
5324,7,6,6
5325,7,2,3
5326,7,6,4
5327,7,3,2
5328,7,6,3
5329,7,4,2
5330,7,4,2
5331,7,2,2
5332,7,6,2
5333,7,6,2
5334,7,4,6
5335,7,4,2
5336,7,4,4
5337,7,6,2
5338,7,2,2
5339,7,2,6
5340,7,4,2
5341,7,6,6
5342,7,3,3
5343,7,4,2
5344,7,3,3
5345,7,2,2
5346,7,0,2
5347,7,2,2
5348,7,6,2
5349,7,4,2
5350,7,4,2
5351,7,4,2
5352,7,6,2
5353,7,2,2
5354,7,6,2
5355,7,4,2
5356,7,4,3
5357,7,5,2
5358,7,4,2
5359,7,2,2
5360,7,6,2
5361,7,4,4
5362,7,4,2
5363,7,2,2
5364,7,4,4
5365,7,2,2
5366,7,4,2
5367,7,2,2
5368,7,3,6
5369,7,6,2
5370,7,4,2
5371,7,4,3
5372,7,6,2
5373,7,5,2
5374,7,4,2
5375,7,4,2
5376,7,4,2
5377,7,4,3
5378,7,2,2
5379,7,2,2
5380,7,2,6
5381,7,6,3
5382,7,6,6
5383,7,2,2
5384,7,4,3
5385,7,4,2
5386,7,2,2
5387,7,4,2
5388,7,4,4
5389,7,6,4
5390,7,6,2
5391,7,4,2
5392,7,4,2
5393,7,6,2
5394,7,2,2
5395,7,6,2
5396,7,4,2
5397,7,3,2
5398,7,6,6
5399,7,4,2
5400,7,6,2
5401,7,6,3
5402,7,6,2
5403,7,2,6
5404,7,2,2
5405,7,4,4
5406,7,3,6
5407,7,6,6
5408,7,4,3
5409,7,6,2
5410,7,3,3
5411,7,6,2
5412,7,4,2
5413,7,2,2
5414,7,4,6
5415,7,6,2
5416,7,4,2
5417,7,2,2
5418,7,4,4
5419,7,6,2
5420,7,4,2
5421,7,2,2
5422,7,4,2
5423,7,3,3
5424,7,4,2
5425,7,4,2
5426,7,6,6
5427,7,4,4
5428,7,6,6
5429,7,6,2
5430,7,2,2
5431,7,2,2
5432,7,4,4
5433,7,4,2
5434,7,6,2
5435,7,6,2
5436,7,3,2
5437,7,4,2
5438,7,6,2
5439,7,4,3
5440,7,6,2
5441,7,4,2
5442,7,2,2
5443,7,2,2
5444,7,3,4
5445,7,4,3
5446,7,6,2
5447,7,2,2
5448,7,4,2
5449,7,4,2
5450,7,6,2
5451,7,6,2
5452,7,2,2
5453,7,2,3
5454,7,4,2
5455,7,8,2
5456,7,4,2
5457,7,2,2
5458,7,5,2
5459,7,4,2
5460,7,6,4
5461,7,6,2
5462,7,2,2
5463,7,2,2
5464,7,6,2
5465,7,6,2
5466,7,4,2
5467,7,6,6
5468,7,5,2
5469,7,6,2
5470,7,2,2
5471,7,6,2
5472,7,4,2
5473,7,6,2
5474,7,6,2
5475,7,6,6
5476,7,4,2
5477,7,4,2
5478,7,6,2
5479,7,5,2
5480,7,4,2
5481,7,3,8
5482,7,6,3
5483,7,4,2
5484,7,4,2
5485,7,5,6
5486,7,6,2
5487,7,2,2
5488,7,4,2
5489,7,6,6
5490,7,4,2
5491,7,2,2
5492,7,6,2
5493,7,4,2
5494,7,4,2
5495,7,6,4
5496,7,4,2
5497,7,6,2
5498,7,2,2
5499,7,2,6
5500,7,6,2
5501,7,2,2
5502,7,4,2
5503,7,4,2
5504,7,2,2
5505,7,4,8
5506,7,6,6
5507,7,4,2
5508,7,2,2
5509,7,4,4
5510,7,2,2
5511,7,2,2
5512,7,4,2
5513,7,4,2
5514,7,2,2
5515,7,6,2
5516,7,6,2
5517,7,2,4
5518,7,2,6
5519,7,6,2
5520,7,6,3
5521,7,4,2
5522,7,2,4
5523,7,4,6
5524,7,3,2
5525,7,2,2
5526,7,3,2
5527,7,2,2
5528,7,2,2
5529,7,6,2
5530,7,4,4
5531,7,4,2
5532,7,2,2
5533,7,6,2
5534,7,5,2
5535,7,2,2
5536,7,6,3
5537,7,6,2
5538,7,3,2
5539,7,6,2
5540,7,6,2
5541,7,3,2
5542,7,4,2
5543,7,6,6
5544,7,4,2
5545,7,4,4
5546,7,6,2
5547,7,6,3
5548,7,6,2
5549,7,6,2
5550,7,4,6
5551,7,4,6
5552,7,4,2
5553,7,4,2
5554,7,4,3
5555,7,4,2
5556,7,4,2
5557,7,6,6
5558,7,4,2
5559,7,2,2
5560,7,2,2
5561,7,6,2
5562,7,4,2
5563,7,4,2
5564,7,2,2
5565,7,6,2
5566,7,4,2
5567,7,2,3
5568,7,6,2
5569,7,2,2
5570,7,4,4
5571,7,2,2
5572,7,4,2
5573,7,6,2
5574,7,4,2
5575,7,2,2
5576,7,3,6
5577,7,6,6
5578,7,5,2
5579,7,6,3
5580,7,2,2
5581,7,6,3
5582,7,4,2
5583,7,4,3
5584,7,6,2
5585,7,2,6
5586,7,2,2
5587,7,2,2
5588,7,4,2
5589,7,6,2
5590,7,6,2
5591,7,4,2
5592,7,2,3
5593,7,6,2
5594,7,2,2
5595,7,6,6
5596,7,4,2
5597,7,4,2
5598,7,4,2
5599,7,4,2
5600,7,2,2
5601,7,4,3
5602,7,6,2
5603,7,4,2
5604,7,4,2
5605,7,6,2
5606,7,6,3
5607,7,4,4
5608,7,6,2
5609,7,3,2
5610,7,4,2
5611,7,2,2
5612,7,3,2
5613,7,2,4
5614,7,6,2
5615,7,4,3
5616,7,4,6
5617,7,4,2
5618,7,8,3
5619,7,6,2
5620,7,6,2
5621,7,2,2
5622,7,4,2
5623,7,6,2
5624,7,4,2
5625,7,4,2
5626,7,4,2
5627,7,4,2
5628,7,6,6
5629,7,6,2
5630,7,4,3
5631,7,2,3
5632,7,6,6
5633,7,2,2
5634,7,6,2
5635,7,4,2
5636,7,6,3
5637,7,2,6
5638,7,6,6
5639,7,6,6
5640,7,6,2
5641,7,6,2
5642,7,6,2
5643,7,2,4
5644,7,6,3
5645,7,4,4
5646,7,4,4
5647,7,4,2
5648,7,2,2
5649,7,4,4
5650,7,4,6
5651,7,4,4
5652,7,6,2
5653,7,6,2
5654,7,6,6
5655,7,4,2
5656,7,6,6
5657,7,4,2
5658,7,2,2
5659,7,4,4
5660,7,2,2
5661,7,4,6
5662,7,4,2
5663,7,6,3
5664,7,3,2
5665,7,6,6
5666,7,4,2
5667,7,6,6
5668,7,3,2
5669,7,2,2
5670,7,4,4
5671,7,2,2
5672,7,3,2
5673,7,2,2
5674,7,4,4
5675,7,6,2
5676,7,6,2
5677,7,4,4
5678,7,6,3
5679,7,6,2
5680,7,4,2
5681,7,4,2
5682,7,6,2
5683,7,6,2
5684,7,4,2
5685,7,6,6
5686,7,2,2
5687,7,4,2
5688,7,6,2
5689,7,4,3
5690,7,2,4
5691,7,6,2
5692,7,6,6
5693,7,2,2
5694,7,2,2
5695,7,4,6
5696,7,6,2
5697,7,4,2
5698,7,6,2
5699,7,4,2
5700,7,6,2
5701,7,6,4
5702,7,2,2
5703,7,4,2
5704,7,3,2
5705,7,3,4
5706,7,4,4
5707,7,6,3
5708,7,6,2
5709,7,2,2
5710,7,6,2
5711,7,6,2
5712,7,2,2
5713,7,4,2
5714,7,4,2
5715,7,3,2
5716,7,2,6
5717,7,6,3
5718,7,2,2
5719,7,4,2
5720,7,4,2
5721,7,4,2
5722,7,4,4
5723,7,2,2
5724,7,6,2
5725,7,4,2
5726,7,2,2
5727,7,4,3
5728,7,4,4
5729,7,6,2
5730,7,2,2
5731,7,6,2
5732,7,6,2
5733,7,6,2
5734,7,6,2
5735,7,3,3
5736,7,6,3
5737,7,4,2
5738,7,4,6
5739,7,2,2
5740,7,2,2
5741,7,2,3
5742,7,4,2
5743,7,2,2
5744,7,4,2
5745,7,4,2
5746,7,4,2
5747,7,2,2
5748,7,4,2
5749,7,2,2
5750,7,5,2
5751,7,6,3
5752,7,6,2
5753,7,6,2
5754,7,4,2
5755,7,4,2
5756,7,6,2
5757,7,3,2
5758,7,4,4
5759,7,4,2
5760,7,3,2
5761,7,2,2
5762,7,6,6
5763,7,4,6
5764,7,6,6
5765,7,6,2
5766,7,4,2
5767,7,4,2
5768,7,4,2
5769,7,4,2
5770,7,2,3
5771,7,4,2
5772,7,4,6
5773,7,3,3
5774,7,6,3
5775,7,4,2
5776,7,4,3
5777,7,4,2
5778,7,4,4
5779,7,2,3
5780,7,6,4
5781,7,3,4
5782,7,2,6
5783,7,4,3
5784,7,4,4
5785,7,6,2
5786,7,4,2
5787,7,6,2
5788,7,6,2
5789,7,6,2
5790,7,4,2
5791,7,6,2
5792,7,6,2
5793,7,3,2
5794,7,6,2
5795,7,4,2
5796,7,2,2
5797,7,2,2
5798,7,4,6
5799,7,4,2
5800,7,3,2
5801,7,4,2
5802,7,4,4
5803,7,6,6
5804,7,2,2
5805,7,6,2
5806,7,4,2
5807,7,2,3
5808,7,2,2
5809,7,4,2
5810,7,6,2
5811,7,6,2
5812,7,3,2
5813,7,2,2
5814,7,6,2
5815,7,6,2
5816,7,4,2
5817,7,6,2
5818,7,2,3
5819,7,6,3
5820,7,2,6
5821,7,4,6
5822,7,2,2
5823,7,6,3
5824,7,4,2
5825,7,4,8
5826,7,2,6
5827,7,2,2
5828,7,2,2
5829,7,4,2
5830,7,4,2
5831,7,3,2
5832,7,4,2
5833,7,6,2
5834,7,4,2
5835,7,6,2
5836,7,6,2
5837,7,4,2
5838,7,2,2
5839,7,6,2
5840,7,4,2
5841,7,3,2
5842,7,3,2
5843,7,5,2
5844,7,4,2
5845,7,6,2
5846,7,6,6
5847,7,4,2
5848,7,6,2
5849,7,6,3
5850,7,6,2
5851,7,6,2
5852,7,2,2
5853,7,6,2
5854,7,4,2
5855,7,2,4
5856,7,2,2
5857,7,4,2
5858,7,4,2
5859,7,4,6
5860,7,4,2
5861,7,6,2
5862,7,4,2
5863,7,6,2
5864,7,4,2
5865,7,6,3
5866,7,3,2
5867,7,2,2
5868,7,4,6
5869,7,6,6
5870,7,2,3
5871,7,6,2
5872,7,6,2
5873,7,2,2
5874,7,2,2
5875,7,4,2
5876,7,4,2
5877,7,4,3
5878,7,4,2
5879,7,6,2
5880,7,3,2
5881,7,2,2
5882,7,2,2
5883,7,6,2
5884,7,2,2
5885,7,4,3
5886,7,2,2
5887,7,2,6
5888,7,4,2
5889,7,6,2
5890,7,4,2
5891,7,2,2
5892,7,2,2
5893,7,4,2
5894,7,4,2
5895,7,2,2
5896,7,4,2
5897,7,6,3
5898,7,2,2
5899,7,6,3
5900,7,3,2
5901,7,2,2
5902,7,6,2
5903,7,6,3
5904,7,4,2
5905,7,6,6
5906,7,4,2
5907,7,6,3
5908,7,2,3
5909,7,6,2
5910,7,4,2
5911,7,2,2
5912,7,2,2
5913,7,2,2
5914,7,6,2
5915,7,4,2
5916,7,4,4
5917,7,4,4
5918,7,6,2
5919,7,3,6
5920,7,4,4
5921,7,6,6
5922,7,6,4
5923,7,4,8
5924,7,6,6
5925,7,4,2
5926,7,3,2
5927,7,6,2
5928,7,4,2
5929,7,4,2
5930,7,6,2
5931,7,6,6
5932,7,6,2
5933,7,2,3
5934,7,4,2
5935,7,6,6
5936,7,2,3
5937,7,6,6
5938,7,4,4
5939,7,6,2
5940,7,2,3
5941,7,2,2
5942,7,4,2
5943,7,2,2
5944,7,6,2
5945,7,6,4
5946,7,4,2
5947,7,3,2
5948,7,4,2
5949,7,6,6
5950,7,6,6
5951,7,4,2
5952,7,4,2
5953,7,4,3
5954,7,2,4
5955,7,4,2
5956,7,2,4
5957,7,5,6
5958,7,4,2
5959,7,6,3
5960,7,4,2
5961,7,2,2
5962,7,3,3
5963,7,6,2
5964,7,3,2
5965,7,4,2
5966,7,4,6
5967,7,5,2
5968,7,4,4
5969,7,2,2
5970,7,4,2
5971,7,6,2
5972,7,2,3
5973,7,2,2
5974,7,2,2
5975,7,6,2
5976,8,2,4
5977,8,6,3
5978,8,0,8
5979,8,6,2
5980,8,6,2
5981,8,2,2
5982,8,2,3
5983,8,6,2
5984,8,4,3
5985,8,6,6
5986,8,2,3
5987,8,4,4
5988,8,3,2
5989,8,6,3
5990,8,6,2
5991,8,6,3
5992,8,4,2
5993,8,4,2
5994,8,0,2
5995,8,6,2
5996,8,2,2
5997,8,4,2
5998,8,6,3
5999,8,6,4
6000,8,2,6
6001,8,6,2
6002,8,2,3
6003,8,6,3
6004,8,6,6
6005,8,2,3
6006,8,2,2
6007,8,0,2
6008,8,6,2
6009,8,4,2
6010,8,6,3
6011,8,0,2
6012,8,6,3
6013,8,2,2
6014,8,6,2
6015,8,2,6
6016,8,2,2
6017,8,4,4
6018,8,2,2
6019,8,6,2
6020,8,2,2
6021,8,0,3
6022,8,0,3
6023,8,2,8
6024,8,6,3
6025,8,6,2
6026,8,6,3
6027,8,4,2
6028,8,4,8
6029,8,6,3
6030,8,2,2
6031,8,3,3
6032,8,4,2
6033,8,6,2
6034,8,2,2
6035,8,6,2
6036,8,2,3
6037,8,6,2
6038,8,2,3
6039,8,2,3
6040,8,2,2
6041,8,8,2
6042,8,4,3
6043,8,6,2
6044,8,3,2
6045,8,6,2
6046,8,2,2
6047,8,2,3
6048,8,3,2
6049,8,4,2
6050,8,6,3
6051,8,6,2
6052,8,6,2
6053,8,6,3
6054,8,2,2
6055,8,2,2
6056,8,2,2
6057,8,2,2
6058,8,2,2
6059,8,3,3
6060,8,3,2
6061,8,6,6
6062,8,4,8
6063,8,2,2
6064,8,3,2
6065,8,2,2
6066,8,4,3
6067,8,6,2
6068,8,6,2
6069,8,0,2
6070,8,6,2
6071,8,2,2
6072,8,6,2
6073,8,2,8
6074,8,2,2
6075,8,6,2
6076,8,2,3
6077,8,6,6
6078,8,0,2
6079,8,6,2
6080,8,6,6
6081,8,2,3
6082,8,4,2
6083,8,6,2
6084,8,6,4
6085,8,6,3
6086,8,2,3
6087,8,2,2
6088,8,0,8
6089,8,6,8
6090,8,6,3
6091,8,3,2
6092,8,6,2
6093,8,6,3
6094,8,4,3
6095,8,2,2
6096,8,2,2
6097,8,2,6
6098,8,4,3
6099,8,4,3
6100,8,6,2
6101,8,2,2
6102,8,6,2
6103,8,2,2
6104,8,2,2
6105,8,3,2
6106,8,2,8
6107,8,4,3
6108,8,6,8
6109,8,6,2
6110,8,6,3
6111,8,6,3
6112,8,2,3
6113,8,6,3
6114,8,6,6
6115,8,6,2
6116,8,2,2
6117,8,6,3
6118,8,3,3
6119,8,6,3
6120,8,2,2
6121,8,6,2
6122,8,2,2
6123,8,2,2
6124,8,3,4
6125,8,4,4
6126,8,2,3
6127,8,6,2
6128,8,6,6
6129,8,2,2
6130,8,6,6
6131,8,4,4
6132,8,4,2
6133,8,2,3
6134,8,0,4
6135,8,6,2
6136,8,2,8
6137,8,0,2
6138,8,4,3
6139,8,0,3
6140,8,4,4
6141,8,4,6
6142,8,2,2
6143,8,6,2
6144,8,6,4
6145,8,3,2
6146,8,2,3
6147,8,2,2
6148,8,6,3
6149,8,6,2
6150,8,6,6
6151,8,2,3
6152,8,8,3
6153,8,4,2
6154,8,2,2
6155,8,2,2
6156,8,2,2
6157,8,6,3
6158,8,2,2
6159,8,6,3
6160,8,0,3
6161,8,2,2
6162,8,6,2
6163,8,2,4
6164,8,6,2
6165,8,6,2
6166,8,0,8
6167,8,6,2
6168,8,0,2
6169,8,2,6
6170,8,0,3
6171,8,2,2
6172,8,4,2
6173,8,6,2
6174,8,2,2
6175,8,2,2
6176,8,4,3
6177,8,6,2
6178,8,2,2
6179,8,4,2
6180,8,2,2
6181,8,2,3
6182,8,4,2
6183,8,2,2
6184,8,6,2
6185,8,6,6
6186,8,2,2
6187,8,2,6
6188,8,6,2
6189,8,6,8
6190,8,2,2
6191,8,6,2
6192,8,0,2
6193,8,6,2
6194,8,2,2
6195,8,6,2
6196,8,6,2
6197,8,6,3
6198,8,2,3
6199,8,2,2
6200,8,6,6
6201,8,6,2
6202,8,2,2
6203,8,6,2
6204,8,2,3
6205,8,4,6
6206,8,0,3
6207,8,2,2
6208,8,2,2
6209,8,6,2
6210,8,2,6
6211,8,3,6
6212,8,6,3
6213,8,4,8
6214,8,9,2
6215,8,2,3
6216,8,4,4
6217,8,2,2
6218,8,4,2
6219,8,6,2
6220,8,6,2
6221,8,2,3
6222,8,6,2
6223,8,6,2
6224,8,2,6
6225,8,4,3
6226,8,2,2
6227,8,4,2
6228,8,4,6
6229,8,6,3
6230,8,2,3
6231,8,0,6
6232,8,4,2
6233,8,6,2
6234,8,9,2
6235,8,4,4
6236,8,6,2
6237,8,2,3
6238,8,2,2
6239,8,2,2
6240,8,2,6
6241,8,6,6
6242,8,4,2
6243,8,6,3
6244,8,4,2
6245,8,4,2
6246,8,0,8
6247,8,6,2
6248,8,2,2
6249,8,2,2
6250,8,2,3
6251,8,2,2
6252,8,6,2
6253,8,4,6
6254,8,4,2
6255,8,6,6
6256,8,4,2
6257,8,3,3
6258,8,2,2
6259,8,6,3
6260,8,6,3
6261,8,0,2
6262,8,6,6
6263,8,6,3
6264,8,6,3
6265,8,6,2
6266,8,2,2
6267,8,4,3
6268,8,2,2
6269,8,2,2
6270,8,4,2
6271,8,6,3
6272,8,2,2
6273,8,6,3
6274,8,2,2
6275,8,2,2
6276,8,2,6
6277,8,6,8
6278,8,2,3
6279,8,2,3
6280,8,6,2
6281,8,6,2
6282,8,6,2
6283,8,2,2
6284,8,2,3
6285,8,6,2
6286,8,6,2
6287,8,3,3
6288,8,2,3
6289,8,4,3
6290,8,2,2
6291,8,2,2
6292,8,8,3
6293,8,6,2
6294,8,0,2
6295,8,6,2
6296,8,4,6
6297,8,6,2
6298,8,6,2
6299,8,4,4
6300,8,2,2
6301,8,2,3
6302,8,6,8
6303,8,2,2
6304,8,0,2
6305,8,6,2
6306,8,6,2
6307,8,3,2
6308,8,2,4
6309,8,4,4
6310,8,4,2
6311,8,2,2
6312,8,6,3
6313,8,6,2
6314,8,6,8
6315,8,4,4
6316,8,4,3
6317,8,4,2
6318,8,4,3
6319,8,4,2
6320,8,4,2
6321,8,6,2
6322,8,2,2
6323,8,6,2
6324,8,6,2
6325,8,6,3
6326,8,6,2
6327,8,6,6
6328,8,6,2
6329,8,6,2
6330,8,6,2
6331,8,6,2
6332,8,4,2
6333,8,2,2
6334,8,6,2
6335,8,6,2
6336,8,6,2
6337,8,4,8
6338,8,6,3
6339,8,6,2
6340,8,6,8
6341,8,4,2
6342,8,6,6
6343,8,6,6
6344,8,6,4
6345,8,0,3
6346,8,4,2
6347,8,6,2
6348,8,6,2
6349,8,4,6
6350,8,2,2
6351,8,6,6
6352,8,6,2
6353,8,0,8
6354,8,6,2
6355,8,0,2
6356,8,6,3
6357,8,6,3
6358,8,2,2
6359,8,6,3
6360,8,2,2
6361,8,2,2
6362,8,6,6
6363,8,6,2
6364,8,2,8
6365,8,6,3
6366,8,4,2
6367,8,6,3
6368,8,6,2
6369,8,2,2
6370,8,2,8
6371,8,2,2
6372,8,6,6
6373,8,0,3
6374,8,6,6
6375,8,8,2
6376,8,6,3
6377,8,2,8
6378,8,6,2
6379,8,3,2
6380,8,6,2
6381,8,6,3
6382,8,2,3
6383,8,6,6
6384,8,6,6
6385,8,6,6
6386,8,2,3
6387,8,6,2
6388,8,4,2
6389,8,2,2
6390,8,4,2
6391,8,6,6
6392,8,2,2
6393,8,6,6
6394,8,4,6
6395,8,4,3
6396,8,4,3
6397,8,2,2
6398,8,2,2
6399,8,2,2
6400,8,4,2
6401,8,6,2
6402,8,6,2
6403,8,4,2
6404,8,6,2
6405,8,4,2
6406,8,2,2
6407,8,8,8
6408,8,6,2
6409,8,0,2
6410,8,6,2
6411,8,6,2
6412,8,4,2
6413,8,2,2
6414,8,2,6
6415,8,2,2
6416,8,2,2
6417,8,6,2
6418,8,6,2
6419,8,0,2
6420,8,6,3
6421,8,6,2
6422,8,0,3
6423,8,2,2
6424,8,6,2
6425,8,2,2
6426,8,6,3
6427,8,4,2
6428,8,6,8
6429,8,6,4
6430,8,2,2
6431,8,6,3
6432,8,4,2
6433,8,2,2
6434,8,2,2
6435,8,6,2
6436,8,6,2
6437,8,6,3
6438,8,6,6
6439,8,4,3
6440,8,3,3
6441,8,2,8
6442,8,6,3
6443,8,0,3
6444,8,2,2
6445,8,8,8
6446,8,2,2
6447,8,6,3
6448,8,0,3
6449,8,0,2
6450,8,6,3
6451,8,2,4
6452,8,4,2
6453,8,3,6
6454,8,4,2
6455,8,4,3
6456,8,6,3
6457,8,6,2
6458,8,6,8
6459,8,6,6
6460,8,2,3
6461,8,4,4
6462,8,6,3
6463,8,2,2
6464,8,6,3
6465,8,2,3
6466,8,6,2
6467,8,6,3
6468,8,2,2
6469,8,4,2
6470,8,6,2
6471,8,4,8
6472,8,6,2
6473,8,2,2
6474,8,6,2
6475,8,4,2
6476,8,6,3
6477,8,4,3
6478,8,4,6
6479,8,6,2
6480,8,0,3
6481,8,2,2
6482,8,4,2
6483,8,6,2
6484,8,4,2
6485,8,0,2
6486,8,6,2
6487,8,2,2
6488,8,0,3
6489,8,6,2
6490,8,6,2
6491,8,6,3
6492,8,6,2
6493,8,6,2
6494,8,6,2
6495,8,4,2
6496,8,2,2
6497,8,4,2
6498,8,2,2
6499,8,6,2
6500,8,2,6
6501,8,6,8
6502,8,2,2
6503,8,6,2
6504,8,9,6
6505,8,4,2
6506,8,2,2
6507,8,6,2
6508,8,2,2
6509,8,2,2
6510,8,6,3
6511,8,6,2
6512,8,6,6
6513,8,4,4
6514,8,6,6
6515,8,4,6
6516,8,2,2
6517,8,2,2
6518,8,0,2
6519,8,4,2
6520,8,2,2
6521,8,6,2
6522,8,6,2
6523,8,2,6
6524,8,6,2
6525,8,2,2
6526,8,5,2
6527,8,4,2
6528,8,6,2
6529,8,2,2
6530,8,2,3
6531,8,4,8
6532,8,2,2
6533,8,2,8
6534,8,3,2
6535,8,2,2
6536,8,6,6
6537,8,2,2
6538,8,4,2
6539,8,3,6
6540,8,0,2
6541,8,0,2
6542,8,2,3
6543,8,2,3
6544,8,3,2
6545,8,6,6
6546,8,2,2
6547,8,6,3
6548,8,6,3
6549,8,6,2
6550,8,6,3
6551,8,2,2
6552,8,6,4
6553,8,4,2
6554,8,6,3
6555,8,6,2
6556,8,6,2
6557,8,2,2
6558,8,4,3
6559,8,3,3
6560,8,6,2
6561,8,2,3
6562,8,2,2
6563,8,2,3
6564,8,4,2
6565,8,4,4
6566,8,4,2
6567,8,6,3
6568,8,4,2
6569,8,6,4
6570,8,2,2
6571,8,4,2
6572,8,6,2
6573,8,6,2
6574,8,4,2
6575,8,6,3
6576,8,6,3
6577,8,6,2
6578,8,6,8
6579,8,6,8
6580,8,8,3
6581,8,6,2
6582,8,0,3
6583,8,6,2
6584,8,2,2
6585,8,2,2
6586,8,2,2
6587,8,2,6
6588,8,2,2
6589,8,4,2
6590,8,6,3
6591,8,6,2
6592,8,2,2
6593,8,2,2
6594,8,4,3
6595,8,2,2
6596,8,6,3
6597,8,6,6
6598,8,2,2
6599,8,2,2
6600,8,6,2
6601,8,6,2
6602,8,4,3
6603,8,2,2
6604,8,6,2
6605,8,6,2
6606,8,2,2
6607,8,6,3
6608,8,6,3
6609,8,4,2
6610,8,6,2
6611,8,4,3
6612,8,2,8
6613,8,0,2
6614,8,0,2
6615,8,6,3
6616,8,6,8
6617,8,6,6
6618,8,6,3
6619,8,0,2
6620,8,4,8
6621,8,2,3
6622,8,6,2
6623,8,4,2
6624,8,0,2
6625,8,2,6
6626,8,5,2
6627,8,6,6
6628,8,2,2
6629,8,6,2
6630,8,3,2
6631,8,2,2
6632,8,6,6
6633,8,3,2
6634,8,6,8
6635,8,6,3
6636,8,6,4
6637,8,6,2
6638,8,2,3
6639,8,4,2
6640,8,2,2
6641,8,6,2
6642,8,2,2
6643,8,6,2
6644,8,6,2
6645,8,6,2
6646,8,6,6
6647,8,6,2
6648,8,0,2
6649,8,2,2
6650,8,2,2
6651,8,2,2
6652,8,6,6
6653,8,2,2
6654,8,2,2
6655,8,6,6
6656,8,2,3
6657,8,6,2
6658,8,2,8
6659,8,6,8
6660,8,2,3
6661,8,6,4
6662,8,0,3
6663,8,2,2
6664,8,4,2
6665,8,2,2
6666,8,6,6
6667,8,6,2
6668,8,6,2
6669,8,3,6
6670,8,3,4
6671,8,3,2
6672,8,6,2
6673,8,8,8
6674,8,6,2
6675,8,0,2
6676,8,2,2
6677,8,2,3
6678,8,2,2
6679,8,6,6
6680,8,6,2
6681,8,6,2
6682,8,2,2
6683,8,2,3
6684,8,0,2
6685,8,2,2
6686,8,4,4
6687,8,3,2
6688,8,4,3
6689,8,3,3
6690,8,8,2
6691,8,2,2
6692,8,6,2
6693,8,6,2
6694,8,4,6
6695,8,4,4
6696,8,6,2
6697,8,6,6
6698,8,4,4
6699,8,0,6
6700,8,6,3
6701,8,0,2
6702,8,4,4
6703,8,8,3
6704,8,0,2
6705,8,2,6
6706,8,2,2
6707,8,2,6
6708,8,4,2
6709,8,6,3
6710,8,6,2
6711,8,0,8
6712,8,2,2
6713,8,3,3
6714,8,2,3
6715,8,2,2
6716,8,0,2
6717,8,4,6
6718,8,4,2
6719,8,2,8
6720,8,2,8
6721,8,2,2
6722,8,4,2
6723,8,2,3
6724,8,6,2
6725,8,6,2
6726,8,6,8
6727,8,2,3
6728,8,4,6
6729,8,4,6
6730,8,2,2
6731,8,2,3
6732,8,4,2
6733,8,2,3
6734,8,2,2
6735,8,4,2
6736,8,6,6
6737,8,6,2
6738,8,0,2
6739,8,6,2
6740,8,6,3
6741,8,6,2
6742,8,6,2
6743,8,4,8
6744,8,2,2
6745,8,2,2
6746,8,6,3
6747,8,2,2
6748,8,6,3
6749,8,6,8
6750,8,2,2
6751,8,2,2
6752,8,6,3
6753,8,2,2
6754,8,4,6
6755,8,6,2
6756,8,4,2
6757,8,4,2
6758,8,2,2
6759,8,2,2
6760,8,4,3
6761,8,4,8
6762,8,0,2
6763,8,8,2
6764,8,6,8
6765,8,2,2
6766,8,4,2
6767,8,2,3
6768,8,2,2
6769,8,6,3
6770,8,6,3
6771,8,6,3
6772,8,6,2
6773,8,2,3
6774,8,6,2
6775,8,4,2
6776,8,4,4
6777,8,2,6
6778,8,6,2
6779,8,4,2
6780,8,6,2
6781,8,2,2
6782,8,4,2
6783,8,4,2
6784,8,4,6
6785,8,4,3
6786,8,4,2
6787,8,4,4
6788,8,3,2
6789,8,6,2
6790,8,6,2
6791,8,2,2
6792,8,4,2
6793,8,2,2
6794,8,0,2
6795,8,2,8
6796,8,0,2
6797,8,4,2
6798,8,6,8
6799,8,6,2
6800,8,6,2
6801,8,2,2
6802,8,6,2
6803,8,6,2
6804,8,0,3
6805,8,6,2
6806,8,2,3
6807,8,2,2
6808,8,0,8
6809,8,2,4
6810,8,2,2
6811,8,2,2
6812,8,2,2
6813,8,2,3
6814,8,4,4
6815,8,6,2
6816,8,3,2
6817,8,4,2
6818,8,2,3
6819,8,2,2
6820,8,6,2
6821,8,6,3
6822,8,6,2
6823,8,4,6
6824,8,5,2
6825,8,6,2
6826,8,0,3
6827,8,6,2
6828,8,4,6
6829,8,6,2
6830,8,6,2
6831,8,6,8
6832,8,2,2
6833,8,2,2
6834,8,6,2
6835,8,2,8
6836,8,2,3
6837,8,6,3
6838,8,6,2
6839,8,2,3
6840,8,2,2
6841,8,2,6
6842,8,3,2
6843,8,6,2
6844,8,2,2
6845,8,6,8
6846,8,6,2
6847,8,4,3
6848,8,2,3
6849,8,0,2
6850,8,2,3
6851,8,2,6
6852,8,6,6
6853,8,2,2
6854,8,6,2
6855,8,6,2
6856,8,6,8
6857,8,6,2
6858,8,0,8
6859,8,2,2
6860,8,2,6
6861,8,6,3
6862,8,6,2
6863,8,2,2
6864,8,0,3
6865,8,6,2
6866,8,6,2
6867,8,6,2
6868,8,6,2
6869,8,6,2
6870,8,4,2
6871,8,2,2
6872,8,2,3
6873,8,6,2
6874,8,2,2
6875,8,2,2
6876,8,6,6
6877,8,6,3
6878,8,6,2
6879,8,6,3
6880,8,4,2
6881,9,2,6
6882,9,4,2
6883,9,4,4
6884,9,2,2
6885,9,5,2
6886,9,4,3
6887,9,6,8
6888,9,4,4
6889,9,1,4
6890,9,6,6
6891,9,2,2
6892,9,2,2
6893,9,3,3
6894,9,4,6
6895,9,6,2
6896,9,6,3
6897,9,6,3
6898,9,6,2
6899,9,6,3
6900,9,2,2
6901,9,6,4
6902,9,6,3
6903,9,4,4
6904,9,4,2
6905,9,6,6
6906,9,3,2
6907,9,6,2
6908,9,4,2
6909,9,4,2
6910,9,2,2
6911,9,4,4
6912,9,6,6
6913,9,6,6
6914,9,6,2
6915,9,6,2
6916,9,6,2
6917,9,8,3
6918,9,4,2
6919,9,2,2
6920,9,4,3
6921,9,6,2
6922,9,2,2
6923,9,2,3
6924,9,6,3
6925,9,6,2
6926,9,4,3
6927,9,2,2
6928,9,6,2
6929,9,4,4
6930,9,2,3
6931,9,4,2
6932,9,1,3
6933,9,2,2
6934,9,6,2
6935,9,2,2
6936,9,6,3
6937,9,6,4
6938,9,6,2
6939,9,6,3
6940,9,2,2
6941,9,2,6
6942,9,4,8
6943,9,6,8
6944,9,6,2
6945,9,6,6
6946,9,3,2
6947,9,4,2
6948,9,4,4
6949,9,6,6
6950,9,2,3
6951,9,2,2
6952,9,2,2
6953,9,6,2
6954,9,2,3
6955,9,3,3
6956,9,4,2
6957,9,2,2
6958,9,4,3
6959,9,6,3
6960,9,3,3
6961,9,6,2
6962,9,1,3
6963,9,2,2
6964,9,6,6
6965,9,4,2
6966,9,6,2
6967,9,6,3
6968,9,2,2
6969,9,6,2
6970,9,6,2
6971,9,8,6
6972,9,3,8
6973,9,3,2
6974,9,0,3
6975,9,8,2
6976,9,4,8
6977,9,2,3
6978,9,4,6
6979,9,6,2
6980,9,4,4
6981,9,2,2
6982,9,8,3
6983,9,6,2
6984,9,8,3
6985,9,8,2
6986,9,2,3
6987,9,6,2
6988,9,4,2
6989,9,8,3
6990,9,6,3
6991,9,4,2
6992,9,6,2
6993,9,4,2
6994,9,4,2
6995,9,2,2
6996,9,4,4
6997,9,8,2
6998,9,4,8
6999,9,8,3
7000,9,4,3
7001,9,2,2
7002,9,2,2
7003,9,6,2
7004,9,0,2
7005,9,3,6
7006,9,2,2
7007,9,2,3
7008,9,2,2
7009,9,6,8
7010,9,4,8
7011,9,4,2
7012,9,4,3
7013,9,3,3
7014,9,2,2
7015,9,2,2
7016,9,4,8
7017,9,6,2
7018,9,6,3
7019,9,0,3
7020,9,6,6
7021,9,8,3
7022,9,6,2
7023,9,6,3
7024,9,2,2
7025,9,6,3
7026,9,2,2
7027,9,6,6
7028,9,2,4
7029,9,2,2
7030,9,0,3
7031,9,6,2
7032,9,6,4
7033,9,6,4
7034,9,4,2
7035,9,2,2
7036,9,2,2
7037,9,2,2
7038,9,2,2
7039,9,2,2
7040,9,4,2
7041,9,6,2
7042,9,3,2
7043,9,4,2
7044,9,6,2
7045,9,2,2
7046,9,6,2
7047,9,4,2
7048,9,6,2
7049,9,2,6
7050,9,2,2
7051,9,6,6
7052,9,8,4
7053,9,6,3
7054,9,2,2
7055,9,8,3
7056,9,4,2
7057,9,6,2
7058,9,4,3
7059,9,2,2
7060,9,6,3
7061,9,6,2
7062,9,0,2
7063,9,3,3
7064,9,2,8
7065,9,5,3
7066,9,4,6
7067,9,6,3
7068,9,2,2
7069,9,6,2
7070,9,2,3
7071,9,2,2
7072,9,6,3
7073,9,2,2
7074,9,6,2
7075,9,6,2
7076,9,4,3
7077,9,6,2
7078,9,4,2
7079,9,6,3
7080,9,3,2
7081,9,6,2
7082,9,4,2
7083,9,4,3
7084,9,0,3
7085,9,4,2
7086,9,6,6
7087,9,4,4
7088,9,6,3
7089,9,6,2
7090,9,6,4
7091,9,4,2
7092,9,3,4
7093,9,1,3
7094,9,6,3
7095,9,6,2
7096,9,4,6
7097,9,1,3
7098,9,6,2
7099,9,6,2
7100,9,2,2
7101,9,4,2
7102,9,6,3
7103,9,6,6
7104,9,2,2
7105,9,4,4
7106,9,2,2
7107,9,2,2
7108,9,6,3
7109,9,3,3
7110,9,6,3
7111,9,6,2
7112,9,2,2
7113,9,4,2
7114,9,3,2
7115,9,0,3
7116,9,2,2
7117,9,6,3
7118,9,2,2
7119,9,2,3
7120,9,6,2
7121,9,6,3
7122,9,6,6
7123,9,3,3
7124,9,6,4
7125,9,6,4
7126,9,2,3
7127,9,4,3
7128,9,2,2
7129,9,8,2
7130,9,6,4
7131,9,4,2
7132,9,4,6
7133,9,4,2
7134,9,8,2
7135,9,6,3
7136,9,4,2
7137,9,4,2
7138,9,0,2
7139,9,8,3
7140,9,4,2
7141,9,4,3
7142,9,6,3
7143,9,8,2
7144,9,4,2
7145,9,6,2
7146,9,4,4
7147,9,4,3
7148,9,4,2
7149,9,6,3
7150,9,2,2
7151,9,4,2
7152,9,3,6
7153,9,6,2
7154,9,4,3
7155,9,6,2
7156,9,0,6
7157,9,6,2
7158,9,2,2
7159,9,2,3
7160,9,6,4
7161,9,4,3
7162,9,6,3
7163,9,2,2
7164,9,2,2
7165,9,4,2
7166,9,6,6
7167,9,2,2
